# Golden hashes of the C++ oracle output, baked by `cargo xtask bake-goldens`.
# basisu/tests/goldens.rs replays these in pure Rust (no C++).
# Re-bake after re-vendoring upstream; review the diff.
# asset	target	flags	level	len	sha256
alpha3.basis	0	0	0	196608	a72d2819eb99393603dfb61e3ad2c635621eb288e78ad2aaa8bf22e1d9407c93
alpha3.basis	1	0	0	393216	614d0cfa19506324e43317643e8ea19911b9887fc76789429b1b8e2b71e267d1
alpha3.basis	2	0	0	196608	de83f14e645b70646c12c1635dfa4ee9af3dc6e0beed3f01bb8c5daa54e818e5
alpha3.basis	3	0	0	393216	6077778c42b48b24a67b92cd7f6ae3fe50f37bcb4537adac7999f3764d33c08a
alpha3.basis	4	0	0	196608	73eac02dfd4522d0e7c9708662ae02664ad904cb6fc4cbf000798f9d9c0ca6b2
alpha3.basis	5	0	0	393216	f67159c1ef875bf8d76f625233bbffbc3200f26b4e35ec8a5cf6d5fe1b1798a5
alpha3.basis	6	0	0	393216	80b111a73a619faa4aada7f4c3a9bfe6383d331e51361b3c38b2594a3beba9cd
alpha3.basis	6	64	0	393216	ca38ec66edf7b0bb9dcbcd65626e2ac1fdcc5ed1c7111c6959881e8ef84b8678
alpha3.basis	10	0	0	393216	e86c76dbaedbca794e323131d649133f377ee9c89799dc0686e8e081b2a61aaf
alpha3.basis	11	0	0	196608	b8a15725f1e576f2219df9d5424c7f82187bdc58a96650674f1125b4ceec1fa1
alpha3.basis	12	0	0	393216	19a24f06349c69af593f684e323476ac6798d491aff2e74a69ac5c03affe6c9d
alpha3.basis	13	0	0	1572864	cb162cc468dfc22efd964acd86059765485e3482dc1eef3d22d2487050ea689d
alpha3.basis	14	0	0	786432	f282736f545c7a99c2c1cff3ed657cdaba074fc5091cce3b18deda265ba4a8b4
alpha3.basis	15	0	0	786432	8d9d69de502fd776624eaab1fe2774a34d20d4708b5d16b6498f2433d7f8377b
alpha3.basis	16	0	0	786432	d6f29c3319c4693da981184f5c41dbe1573500e59ba5529d4cbf250c449a3797
alpha3.basis	17	0	0	393216	5ea853748d9af2d6241dc5ab4ad30132f2f2fb1da1f7fe3b50341bc35384b9f8
alpha3.basis	18	0	0	196608	4e295a089a50c48ce73d3bd5900b059b187d5b7487d6462c534fd256f198dd1d
alpha3.basis	19	0	0	196608	b7829d16f1d455d1172ba07858514eac0ac69547f760ea7613fb822f94d02f8b
alpha3.basis	20	0	0	196608	b19ba71a57af23dcb7f89e3f12cccb86d7da3075859f09786334652ef394372a
alpha3.basis	21	0	0	393216	3f1b040f8d697c8e354ead406a0500212a9d90e4f14d5b1a5d545dd02081018d
astc_12x12_unorm.ktx2	0	0	8	8	a764873c434ca5d0241e55137269b08b09fc0e4f7048c8b3d6b5fd0e947ed396
astc_12x12_unorm.ktx2	0	4	8	8	a764873c434ca5d0241e55137269b08b09fc0e4f7048c8b3d6b5fd0e947ed396
astc_12x12_unorm.ktx2	0	128	8	8	a764873c434ca5d0241e55137269b08b09fc0e4f7048c8b3d6b5fd0e947ed396
astc_12x12_unorm.ktx2	0	512	8	8	a764873c434ca5d0241e55137269b08b09fc0e4f7048c8b3d6b5fd0e947ed396
astc_12x12_unorm.ktx2	0	0	9	8	cc1699bd8e3c880618c41550309df47c0765ab06c0e667b720b644ac98b78ab4
astc_12x12_unorm.ktx2	0	4	9	8	cc1699bd8e3c880618c41550309df47c0765ab06c0e667b720b644ac98b78ab4
astc_12x12_unorm.ktx2	0	128	9	8	3e80872d1cfeffe6deeea85725be3203728c5dab06f1540f3bcb49955f021ddb
astc_12x12_unorm.ktx2	0	512	9	8	cc1699bd8e3c880618c41550309df47c0765ab06c0e667b720b644ac98b78ab4
astc_12x12_unorm.ktx2	0	0	10	8	ba1acb9b2aadfd5b70eb9256d0cb37b392aa4ef169289d40fd172e34fe8e2770
astc_12x12_unorm.ktx2	0	4	10	8	ba1acb9b2aadfd5b70eb9256d0cb37b392aa4ef169289d40fd172e34fe8e2770
astc_12x12_unorm.ktx2	0	128	10	8	ba1acb9b2aadfd5b70eb9256d0cb37b392aa4ef169289d40fd172e34fe8e2770
astc_12x12_unorm.ktx2	0	512	10	8	ba1acb9b2aadfd5b70eb9256d0cb37b392aa4ef169289d40fd172e34fe8e2770
astc_12x12_unorm.ktx2	1	0	8	16	879b4c004068fb26483341fdaf8b5aefec8dc89828ea0676fc86ffe4ac5d5f66
astc_12x12_unorm.ktx2	1	32	8	16	879b4c004068fb26483341fdaf8b5aefec8dc89828ea0676fc86ffe4ac5d5f66
astc_12x12_unorm.ktx2	1	128	8	16	879b4c004068fb26483341fdaf8b5aefec8dc89828ea0676fc86ffe4ac5d5f66
astc_12x12_unorm.ktx2	1	512	8	16	879b4c004068fb26483341fdaf8b5aefec8dc89828ea0676fc86ffe4ac5d5f66
astc_12x12_unorm.ktx2	1	0	9	16	fb5559f67045a114d715507348cdc73312698ce2cc3bf421f781d287f06a1144
astc_12x12_unorm.ktx2	1	32	9	16	fb5559f67045a114d715507348cdc73312698ce2cc3bf421f781d287f06a1144
astc_12x12_unorm.ktx2	1	128	9	16	be6f2faa9f6daab1e7d65a38ea2e79f6f4762639185280e8692e9437a6282a15
astc_12x12_unorm.ktx2	1	512	9	16	fb5559f67045a114d715507348cdc73312698ce2cc3bf421f781d287f06a1144
astc_12x12_unorm.ktx2	1	0	10	16	9e735423eb9e2e1144b35c247f54824339b6b5a90be0f9f80ae85808385a9d00
astc_12x12_unorm.ktx2	1	32	10	16	9e735423eb9e2e1144b35c247f54824339b6b5a90be0f9f80ae85808385a9d00
astc_12x12_unorm.ktx2	1	128	10	16	9e735423eb9e2e1144b35c247f54824339b6b5a90be0f9f80ae85808385a9d00
astc_12x12_unorm.ktx2	1	512	10	16	9e735423eb9e2e1144b35c247f54824339b6b5a90be0f9f80ae85808385a9d00
astc_12x12_unorm.ktx2	2	0	8	8	80fc794d2ba99b3759ee59fac343dceb20d4a844956c57562b7af39e51d31947
astc_12x12_unorm.ktx2	2	32	8	8	80fc794d2ba99b3759ee59fac343dceb20d4a844956c57562b7af39e51d31947
astc_12x12_unorm.ktx2	2	128	8	8	80fc794d2ba99b3759ee59fac343dceb20d4a844956c57562b7af39e51d31947
astc_12x12_unorm.ktx2	2	512	8	8	80fc794d2ba99b3759ee59fac343dceb20d4a844956c57562b7af39e51d31947
astc_12x12_unorm.ktx2	2	0	9	8	6ffad5800a3a59e076aaabbf45124e329806d86f2b9c75a815e2a4ba26e88854
astc_12x12_unorm.ktx2	2	32	9	8	6ffad5800a3a59e076aaabbf45124e329806d86f2b9c75a815e2a4ba26e88854
astc_12x12_unorm.ktx2	2	128	9	8	0ebcfee3c0e9b10703ebf6af5af0e4d651100496ea4d56442d27e88317e7bb75
astc_12x12_unorm.ktx2	2	512	9	8	6ffad5800a3a59e076aaabbf45124e329806d86f2b9c75a815e2a4ba26e88854
astc_12x12_unorm.ktx2	2	0	10	8	8f6bdba616f878f367430984f02f15a2d245f582c4ee5fcc9f7bc2da14f28ed1
astc_12x12_unorm.ktx2	2	32	10	8	8f6bdba616f878f367430984f02f15a2d245f582c4ee5fcc9f7bc2da14f28ed1
astc_12x12_unorm.ktx2	2	128	10	8	8f6bdba616f878f367430984f02f15a2d245f582c4ee5fcc9f7bc2da14f28ed1
astc_12x12_unorm.ktx2	2	512	10	8	8f6bdba616f878f367430984f02f15a2d245f582c4ee5fcc9f7bc2da14f28ed1
astc_12x12_unorm.ktx2	3	0	8	16	67b57da2cd3011dab782c063d0c6e24933c307164bd9bf99a0f8aa95ec831c02
astc_12x12_unorm.ktx2	3	32	8	16	67b57da2cd3011dab782c063d0c6e24933c307164bd9bf99a0f8aa95ec831c02
astc_12x12_unorm.ktx2	3	128	8	16	67b57da2cd3011dab782c063d0c6e24933c307164bd9bf99a0f8aa95ec831c02
astc_12x12_unorm.ktx2	3	512	8	16	67b57da2cd3011dab782c063d0c6e24933c307164bd9bf99a0f8aa95ec831c02
astc_12x12_unorm.ktx2	3	0	9	16	9871ee6ea6ed6e7447cd2d4f3e16e48d31f9491ff00555a45fd65fca80820bec
astc_12x12_unorm.ktx2	3	32	9	16	9871ee6ea6ed6e7447cd2d4f3e16e48d31f9491ff00555a45fd65fca80820bec
astc_12x12_unorm.ktx2	3	128	9	16	b5e016f2a432b4da5fcaf10b31bc21fb4ffe768eb23353065e4351a1ba096285
astc_12x12_unorm.ktx2	3	512	9	16	9871ee6ea6ed6e7447cd2d4f3e16e48d31f9491ff00555a45fd65fca80820bec
astc_12x12_unorm.ktx2	3	0	10	16	b9ab9f68208bef339ec5090824f10786593e5c28c414ac8a3893535834ad1d00
astc_12x12_unorm.ktx2	3	32	10	16	b9ab9f68208bef339ec5090824f10786593e5c28c414ac8a3893535834ad1d00
astc_12x12_unorm.ktx2	3	128	10	16	b9ab9f68208bef339ec5090824f10786593e5c28c414ac8a3893535834ad1d00
astc_12x12_unorm.ktx2	3	512	10	16	b9ab9f68208bef339ec5090824f10786593e5c28c414ac8a3893535834ad1d00
astc_12x12_unorm.ktx2	4	0	8	8	4838ad0a226e2586ecd6b192493fed3f7e3a1633e317e20376ec41732f74404e
astc_12x12_unorm.ktx2	4	4	8	8	4838ad0a226e2586ecd6b192493fed3f7e3a1633e317e20376ec41732f74404e
astc_12x12_unorm.ktx2	4	32	8	8	4838ad0a226e2586ecd6b192493fed3f7e3a1633e317e20376ec41732f74404e
astc_12x12_unorm.ktx2	4	128	8	8	4838ad0a226e2586ecd6b192493fed3f7e3a1633e317e20376ec41732f74404e
astc_12x12_unorm.ktx2	4	512	8	8	4838ad0a226e2586ecd6b192493fed3f7e3a1633e317e20376ec41732f74404e
astc_12x12_unorm.ktx2	4	0	9	8	ade57339571d8eb0d128f8e6392ef875ea0981f6c30c8d3316f4ed60529ea0e2
astc_12x12_unorm.ktx2	4	4	9	8	ade57339571d8eb0d128f8e6392ef875ea0981f6c30c8d3316f4ed60529ea0e2
astc_12x12_unorm.ktx2	4	32	9	8	ade57339571d8eb0d128f8e6392ef875ea0981f6c30c8d3316f4ed60529ea0e2
astc_12x12_unorm.ktx2	4	128	9	8	4cc7f02950d2dd466710f2f86de77b075517e038d5ee217345341a3f535266dd
astc_12x12_unorm.ktx2	4	512	9	8	ade57339571d8eb0d128f8e6392ef875ea0981f6c30c8d3316f4ed60529ea0e2
astc_12x12_unorm.ktx2	4	0	10	8	d115ccb65e13e3e54f90bd2a2ce5949f82be01ab71062859b9aa2d730cde2aa6
astc_12x12_unorm.ktx2	4	4	10	8	d115ccb65e13e3e54f90bd2a2ce5949f82be01ab71062859b9aa2d730cde2aa6
astc_12x12_unorm.ktx2	4	32	10	8	d115ccb65e13e3e54f90bd2a2ce5949f82be01ab71062859b9aa2d730cde2aa6
astc_12x12_unorm.ktx2	4	128	10	8	d115ccb65e13e3e54f90bd2a2ce5949f82be01ab71062859b9aa2d730cde2aa6
astc_12x12_unorm.ktx2	4	512	10	8	d115ccb65e13e3e54f90bd2a2ce5949f82be01ab71062859b9aa2d730cde2aa6
astc_12x12_unorm.ktx2	5	0	8	16	01888538414eaa76a642c7014cae796f8519e0f105be9307a970f4e564d459ab
astc_12x12_unorm.ktx2	5	32	8	16	01888538414eaa76a642c7014cae796f8519e0f105be9307a970f4e564d459ab
astc_12x12_unorm.ktx2	5	128	8	16	01888538414eaa76a642c7014cae796f8519e0f105be9307a970f4e564d459ab
astc_12x12_unorm.ktx2	5	512	8	16	01888538414eaa76a642c7014cae796f8519e0f105be9307a970f4e564d459ab
astc_12x12_unorm.ktx2	5	0	9	16	958c460ddac08bfdf99364227b18904f9ba994cc481d38bcf85ce9d0398c9712
astc_12x12_unorm.ktx2	5	32	9	16	958c460ddac08bfdf99364227b18904f9ba994cc481d38bcf85ce9d0398c9712
astc_12x12_unorm.ktx2	5	128	9	16	0c7aa7b74602d89c2c0287f2b999a2b70fefd6acdda2e6066035d7523cfd29ed
astc_12x12_unorm.ktx2	5	512	9	16	958c460ddac08bfdf99364227b18904f9ba994cc481d38bcf85ce9d0398c9712
astc_12x12_unorm.ktx2	5	0	10	16	6b773cea3abbb8a5999918bd03cfdc39f64918ab80cc2320b00fd17a14c7e806
astc_12x12_unorm.ktx2	5	32	10	16	6b773cea3abbb8a5999918bd03cfdc39f64918ab80cc2320b00fd17a14c7e806
astc_12x12_unorm.ktx2	5	128	10	16	6b773cea3abbb8a5999918bd03cfdc39f64918ab80cc2320b00fd17a14c7e806
astc_12x12_unorm.ktx2	5	512	10	16	6b773cea3abbb8a5999918bd03cfdc39f64918ab80cc2320b00fd17a14c7e806
astc_12x12_unorm.ktx2	6	0	8	16	8ee1b36e806919f5124d56c1832b25cb37e50c2f3bd67448617f19e33b9f796c
astc_12x12_unorm.ktx2	6	32	8	16	8ee1b36e806919f5124d56c1832b25cb37e50c2f3bd67448617f19e33b9f796c
astc_12x12_unorm.ktx2	6	128	8	16	8ee1b36e806919f5124d56c1832b25cb37e50c2f3bd67448617f19e33b9f796c
astc_12x12_unorm.ktx2	6	512	8	16	8ee1b36e806919f5124d56c1832b25cb37e50c2f3bd67448617f19e33b9f796c
astc_12x12_unorm.ktx2	6	0	9	16	6c3b627e061aaad8c1d613b99b33ab564075de06452c82eba949d360945b665c
astc_12x12_unorm.ktx2	6	32	9	16	6c3b627e061aaad8c1d613b99b33ab564075de06452c82eba949d360945b665c
astc_12x12_unorm.ktx2	6	128	9	16	0233952c99d7f776cd0aa46b9201ef97789883ba6b0c0ccea6f899ca9dec8327
astc_12x12_unorm.ktx2	6	512	9	16	6c3b627e061aaad8c1d613b99b33ab564075de06452c82eba949d360945b665c
astc_12x12_unorm.ktx2	6	0	10	16	2240f1f2a5faa4008e2ffba0ed6b2c2c070c463a34e0fb515cb7137589967295
astc_12x12_unorm.ktx2	6	32	10	16	2240f1f2a5faa4008e2ffba0ed6b2c2c070c463a34e0fb515cb7137589967295
astc_12x12_unorm.ktx2	6	128	10	16	2240f1f2a5faa4008e2ffba0ed6b2c2c070c463a34e0fb515cb7137589967295
astc_12x12_unorm.ktx2	6	512	10	16	2240f1f2a5faa4008e2ffba0ed6b2c2c070c463a34e0fb515cb7137589967295
astc_12x12_unorm.ktx2	8	0	8	8	aea988f24f0b50e31b4e4a61be2c0234ea0a10ebe2ee02aec613fb5b93cff678
astc_12x12_unorm.ktx2	8	4	8	8	aea988f24f0b50e31b4e4a61be2c0234ea0a10ebe2ee02aec613fb5b93cff678
astc_12x12_unorm.ktx2	8	128	8	8	aea988f24f0b50e31b4e4a61be2c0234ea0a10ebe2ee02aec613fb5b93cff678
astc_12x12_unorm.ktx2	8	512	8	8	aea988f24f0b50e31b4e4a61be2c0234ea0a10ebe2ee02aec613fb5b93cff678
astc_12x12_unorm.ktx2	8	0	9	8	0af37cc4db9d547fd7c5da3d4ef3e2afe0aba1ddb1efa58c6a311691cf6b5efc
astc_12x12_unorm.ktx2	8	4	9	8	0af37cc4db9d547fd7c5da3d4ef3e2afe0aba1ddb1efa58c6a311691cf6b5efc
astc_12x12_unorm.ktx2	8	128	9	8	0af37cc4db9d547fd7c5da3d4ef3e2afe0aba1ddb1efa58c6a311691cf6b5efc
astc_12x12_unorm.ktx2	8	512	9	8	0af37cc4db9d547fd7c5da3d4ef3e2afe0aba1ddb1efa58c6a311691cf6b5efc
astc_12x12_unorm.ktx2	8	0	10	8	1db5a4984f48b4f5712ac34032eb1706220996396a23d6a333bb610d9518113e
astc_12x12_unorm.ktx2	8	4	10	8	1db5a4984f48b4f5712ac34032eb1706220996396a23d6a333bb610d9518113e
astc_12x12_unorm.ktx2	8	128	10	8	1db5a4984f48b4f5712ac34032eb1706220996396a23d6a333bb610d9518113e
astc_12x12_unorm.ktx2	8	512	10	8	1db5a4984f48b4f5712ac34032eb1706220996396a23d6a333bb610d9518113e
astc_12x12_unorm.ktx2	9	0	8	8	aea988f24f0b50e31b4e4a61be2c0234ea0a10ebe2ee02aec613fb5b93cff678
astc_12x12_unorm.ktx2	9	128	8	8	aea988f24f0b50e31b4e4a61be2c0234ea0a10ebe2ee02aec613fb5b93cff678
astc_12x12_unorm.ktx2	9	512	8	8	aea988f24f0b50e31b4e4a61be2c0234ea0a10ebe2ee02aec613fb5b93cff678
astc_12x12_unorm.ktx2	9	0	9	8	0af37cc4db9d547fd7c5da3d4ef3e2afe0aba1ddb1efa58c6a311691cf6b5efc
astc_12x12_unorm.ktx2	9	128	9	8	0af37cc4db9d547fd7c5da3d4ef3e2afe0aba1ddb1efa58c6a311691cf6b5efc
astc_12x12_unorm.ktx2	9	512	9	8	0af37cc4db9d547fd7c5da3d4ef3e2afe0aba1ddb1efa58c6a311691cf6b5efc
astc_12x12_unorm.ktx2	9	0	10	8	1db5a4984f48b4f5712ac34032eb1706220996396a23d6a333bb610d9518113e
astc_12x12_unorm.ktx2	9	128	10	8	1db5a4984f48b4f5712ac34032eb1706220996396a23d6a333bb610d9518113e
astc_12x12_unorm.ktx2	9	512	10	8	1db5a4984f48b4f5712ac34032eb1706220996396a23d6a333bb610d9518113e
astc_12x12_unorm.ktx2	13	0	0	4194304	379fc8f68e78759684d5ec50da750a00e79abbf73e70380ad8cee6845ba18938
astc_12x12_unorm.ktx2	13	128	0	4194304	0952e3816fc1d803a3e9b528948f6067a56c4e34556053dd4945a799d1533374
astc_12x12_unorm.ktx2	13	256	0	4194304	379fc8f68e78759684d5ec50da750a00e79abbf73e70380ad8cee6845ba18938
astc_12x12_unorm.ktx2	13	512	0	4194304	379fc8f68e78759684d5ec50da750a00e79abbf73e70380ad8cee6845ba18938
astc_12x12_unorm.ktx2	13	0	1	1048576	5728b7df207f4eb424adb88ca0e80d070e28f64e46f78673ba10f7ea82c230ab
astc_12x12_unorm.ktx2	13	128	1	1048576	9d2e539cf0de7d3631dff268889739e04641bb585a56044db9301ab6c7caa310
astc_12x12_unorm.ktx2	13	256	1	1048576	5728b7df207f4eb424adb88ca0e80d070e28f64e46f78673ba10f7ea82c230ab
astc_12x12_unorm.ktx2	13	512	1	1048576	5728b7df207f4eb424adb88ca0e80d070e28f64e46f78673ba10f7ea82c230ab
astc_12x12_unorm.ktx2	13	0	2	262144	24096f3c9df63bdaddc73a0a57dc0ad21337abe5475fa74a5ccf75e81e3f8b5f
astc_12x12_unorm.ktx2	13	128	2	262144	531f19cc3569942b6cc7c0918a976c83eb37242c4447b37f2c11a8afdca39db0
astc_12x12_unorm.ktx2	13	256	2	262144	24096f3c9df63bdaddc73a0a57dc0ad21337abe5475fa74a5ccf75e81e3f8b5f
astc_12x12_unorm.ktx2	13	512	2	262144	24096f3c9df63bdaddc73a0a57dc0ad21337abe5475fa74a5ccf75e81e3f8b5f
astc_12x12_unorm.ktx2	13	0	3	65536	93a001f3df350034817fe1b965493fb9e26eab5951276e72b784f3766e55e5e1
astc_12x12_unorm.ktx2	13	128	3	65536	1d305e508784a594e6d556a8019d4231b149508f6f2c4dc9b401b24eeb76f69d
astc_12x12_unorm.ktx2	13	256	3	65536	93a001f3df350034817fe1b965493fb9e26eab5951276e72b784f3766e55e5e1
astc_12x12_unorm.ktx2	13	512	3	65536	93a001f3df350034817fe1b965493fb9e26eab5951276e72b784f3766e55e5e1
astc_12x12_unorm.ktx2	13	0	4	16384	c9207dfa8f260f8fddff770f4858a86455484c986cca8bda83ecfda7e51549e7
astc_12x12_unorm.ktx2	13	128	4	16384	550e85e6ca7acc9691e0505e2737d88407af7b070edbc1473d0d9634c51b1102
astc_12x12_unorm.ktx2	13	256	4	16384	c9207dfa8f260f8fddff770f4858a86455484c986cca8bda83ecfda7e51549e7
astc_12x12_unorm.ktx2	13	512	4	16384	c9207dfa8f260f8fddff770f4858a86455484c986cca8bda83ecfda7e51549e7
astc_12x12_unorm.ktx2	13	0	5	4096	81ef7e975d56d9173c86cb060b4b204f82a58601b340057a0a943382464450ba
astc_12x12_unorm.ktx2	13	128	5	4096	d4e0e03cc4a9f05174823b8b5ca5ac78b5233b8590fdca9d5ea30e2c21b917f9
astc_12x12_unorm.ktx2	13	256	5	4096	81ef7e975d56d9173c86cb060b4b204f82a58601b340057a0a943382464450ba
astc_12x12_unorm.ktx2	13	512	5	4096	81ef7e975d56d9173c86cb060b4b204f82a58601b340057a0a943382464450ba
astc_12x12_unorm.ktx2	13	0	6	1024	1adc745fbda04912d4f73b3556510caf37ea9ca2a0d5ff9fd43a158ba8920111
astc_12x12_unorm.ktx2	13	128	6	1024	1b65384b129982ea6c439a6b36fdff96864d94355500b1676705cd06bb9e2aa8
astc_12x12_unorm.ktx2	13	256	6	1024	1adc745fbda04912d4f73b3556510caf37ea9ca2a0d5ff9fd43a158ba8920111
astc_12x12_unorm.ktx2	13	512	6	1024	1adc745fbda04912d4f73b3556510caf37ea9ca2a0d5ff9fd43a158ba8920111
astc_12x12_unorm.ktx2	13	0	7	256	dd02f8cd35685a2e341c00a9417d4b90a5887e071e26b03603d3498b57700c1e
astc_12x12_unorm.ktx2	13	128	7	256	dd02f8cd35685a2e341c00a9417d4b90a5887e071e26b03603d3498b57700c1e
astc_12x12_unorm.ktx2	13	256	7	256	dd02f8cd35685a2e341c00a9417d4b90a5887e071e26b03603d3498b57700c1e
astc_12x12_unorm.ktx2	13	512	7	256	dd02f8cd35685a2e341c00a9417d4b90a5887e071e26b03603d3498b57700c1e
astc_12x12_unorm.ktx2	13	0	8	64	3a9d9954a48fe82a9f49590c9154a7d8cc2d8231c37a7d6c76e10388dfe6d01b
astc_12x12_unorm.ktx2	13	128	8	64	3a9d9954a48fe82a9f49590c9154a7d8cc2d8231c37a7d6c76e10388dfe6d01b
astc_12x12_unorm.ktx2	13	256	8	64	3a9d9954a48fe82a9f49590c9154a7d8cc2d8231c37a7d6c76e10388dfe6d01b
astc_12x12_unorm.ktx2	13	512	8	64	3a9d9954a48fe82a9f49590c9154a7d8cc2d8231c37a7d6c76e10388dfe6d01b
astc_12x12_unorm.ktx2	13	0	9	16	ccbf7ce782a6b2974d141176013f946da3ab87a406ba7db0c66b33723790a725
astc_12x12_unorm.ktx2	13	128	9	16	ccbf7ce782a6b2974d141176013f946da3ab87a406ba7db0c66b33723790a725
astc_12x12_unorm.ktx2	13	256	9	16	ccbf7ce782a6b2974d141176013f946da3ab87a406ba7db0c66b33723790a725
astc_12x12_unorm.ktx2	13	512	9	16	ccbf7ce782a6b2974d141176013f946da3ab87a406ba7db0c66b33723790a725
astc_12x12_unorm.ktx2	13	0	10	4	df603ccfb0d8a6826253d0bd329a48606898ebf89b8e44bc9de19a50a0989f29
astc_12x12_unorm.ktx2	13	128	10	4	df603ccfb0d8a6826253d0bd329a48606898ebf89b8e44bc9de19a50a0989f29
astc_12x12_unorm.ktx2	13	256	10	4	df603ccfb0d8a6826253d0bd329a48606898ebf89b8e44bc9de19a50a0989f29
astc_12x12_unorm.ktx2	13	512	10	4	df603ccfb0d8a6826253d0bd329a48606898ebf89b8e44bc9de19a50a0989f29
astc_12x12_unorm.ktx2	14	0	0	2097152	36a7910acd401576f0518e6f457ea1fd933362034e5f13831811d2629230f954
astc_12x12_unorm.ktx2	14	128	0	2097152	de21ca2176d6094f985472ab6e17904641fe46ca7716a4a1e1ccab1f47a59e22
astc_12x12_unorm.ktx2	14	256	0	2097152	36a7910acd401576f0518e6f457ea1fd933362034e5f13831811d2629230f954
astc_12x12_unorm.ktx2	14	512	0	2097152	36a7910acd401576f0518e6f457ea1fd933362034e5f13831811d2629230f954
astc_12x12_unorm.ktx2	14	0	1	524288	68c48b73c70590715c6b49cf61987140df727ebcfb6e769e109d89521709f936
astc_12x12_unorm.ktx2	14	128	1	524288	b5075f3bbe0c57dc976ec965c40a467d071c0c8de9ca3508c7f68fd5a692ef38
astc_12x12_unorm.ktx2	14	256	1	524288	68c48b73c70590715c6b49cf61987140df727ebcfb6e769e109d89521709f936
astc_12x12_unorm.ktx2	14	512	1	524288	68c48b73c70590715c6b49cf61987140df727ebcfb6e769e109d89521709f936
astc_12x12_unorm.ktx2	14	0	2	131072	a0e275456c75b89fe6ad056fb992c78d7e407082dc6c500d339920ae9cb3ccb7
astc_12x12_unorm.ktx2	14	128	2	131072	cd72e32615371a29667025c1c61c6c696eb312a724037145b8de12c993db3999
astc_12x12_unorm.ktx2	14	256	2	131072	a0e275456c75b89fe6ad056fb992c78d7e407082dc6c500d339920ae9cb3ccb7
astc_12x12_unorm.ktx2	14	512	2	131072	a0e275456c75b89fe6ad056fb992c78d7e407082dc6c500d339920ae9cb3ccb7
astc_12x12_unorm.ktx2	14	0	3	32768	afc4bcc0104a51031e05d23dc03f19a9c36e25a68f6ba5e83e71be94a4486d53
astc_12x12_unorm.ktx2	14	128	3	32768	85bdacf61d868bfb5cc35d7916a4609b8b88d3e0b3a07157ed8ae44f17264993
astc_12x12_unorm.ktx2	14	256	3	32768	afc4bcc0104a51031e05d23dc03f19a9c36e25a68f6ba5e83e71be94a4486d53
astc_12x12_unorm.ktx2	14	512	3	32768	afc4bcc0104a51031e05d23dc03f19a9c36e25a68f6ba5e83e71be94a4486d53
astc_12x12_unorm.ktx2	14	0	4	8192	80083ff49e721f0c4a3c459ff2004450434d3d7e07437bb6f41d9735573a6010
astc_12x12_unorm.ktx2	14	128	4	8192	5abec1ca38403bc9cb250de76a62ab14597bc91ef736962b9ac444379889f2a7
astc_12x12_unorm.ktx2	14	256	4	8192	80083ff49e721f0c4a3c459ff2004450434d3d7e07437bb6f41d9735573a6010
astc_12x12_unorm.ktx2	14	512	4	8192	80083ff49e721f0c4a3c459ff2004450434d3d7e07437bb6f41d9735573a6010
astc_12x12_unorm.ktx2	14	0	5	2048	bdb80b26d9534a7a94690146b3e4d50a6586f26cb4314c1d7ef6c1e79e4c3508
astc_12x12_unorm.ktx2	14	128	5	2048	9a625fc2b0d25da298a18726cb794b5bb0d83b59580c1345b3ff4b726bf75c16
astc_12x12_unorm.ktx2	14	256	5	2048	bdb80b26d9534a7a94690146b3e4d50a6586f26cb4314c1d7ef6c1e79e4c3508
astc_12x12_unorm.ktx2	14	512	5	2048	bdb80b26d9534a7a94690146b3e4d50a6586f26cb4314c1d7ef6c1e79e4c3508
astc_12x12_unorm.ktx2	14	0	6	512	dd2577c3b53c73dc122ef8d1b26df1b990cd39e14a65b003623310c5044326e6
astc_12x12_unorm.ktx2	14	128	6	512	f68af068716efd6ed164eca46e9052ebc3be1c7e458035c7ec6414d5ee25a4e1
astc_12x12_unorm.ktx2	14	256	6	512	dd2577c3b53c73dc122ef8d1b26df1b990cd39e14a65b003623310c5044326e6
astc_12x12_unorm.ktx2	14	512	6	512	dd2577c3b53c73dc122ef8d1b26df1b990cd39e14a65b003623310c5044326e6
astc_12x12_unorm.ktx2	14	0	7	128	dca8ae98060b957c490ff516897ddb24710be0cd38f4940755b976988e23778c
astc_12x12_unorm.ktx2	14	128	7	128	dca8ae98060b957c490ff516897ddb24710be0cd38f4940755b976988e23778c
astc_12x12_unorm.ktx2	14	256	7	128	dca8ae98060b957c490ff516897ddb24710be0cd38f4940755b976988e23778c
astc_12x12_unorm.ktx2	14	512	7	128	dca8ae98060b957c490ff516897ddb24710be0cd38f4940755b976988e23778c
astc_12x12_unorm.ktx2	14	0	8	32	a642dd9556c77de6945174bf4384cbb927d1775fed6df913a2eb31d8f874c94d
astc_12x12_unorm.ktx2	14	128	8	32	a642dd9556c77de6945174bf4384cbb927d1775fed6df913a2eb31d8f874c94d
astc_12x12_unorm.ktx2	14	256	8	32	a642dd9556c77de6945174bf4384cbb927d1775fed6df913a2eb31d8f874c94d
astc_12x12_unorm.ktx2	14	512	8	32	a642dd9556c77de6945174bf4384cbb927d1775fed6df913a2eb31d8f874c94d
astc_12x12_unorm.ktx2	14	0	9	8	164c79a1f36f75f86508259635ef123586864703f012447b1cc5c0de9f381ba4
astc_12x12_unorm.ktx2	14	128	9	8	164c79a1f36f75f86508259635ef123586864703f012447b1cc5c0de9f381ba4
astc_12x12_unorm.ktx2	14	256	9	8	164c79a1f36f75f86508259635ef123586864703f012447b1cc5c0de9f381ba4
astc_12x12_unorm.ktx2	14	512	9	8	164c79a1f36f75f86508259635ef123586864703f012447b1cc5c0de9f381ba4
astc_12x12_unorm.ktx2	14	0	10	2	e62bd598a484c5410bc523d8e351c9905f11e665413dc0c2156ab7f80056e9be
astc_12x12_unorm.ktx2	14	128	10	2	e62bd598a484c5410bc523d8e351c9905f11e665413dc0c2156ab7f80056e9be
astc_12x12_unorm.ktx2	14	256	10	2	e62bd598a484c5410bc523d8e351c9905f11e665413dc0c2156ab7f80056e9be
astc_12x12_unorm.ktx2	14	512	10	2	e62bd598a484c5410bc523d8e351c9905f11e665413dc0c2156ab7f80056e9be
astc_12x12_unorm.ktx2	15	0	0	2097152	64c6b8463bac35839ac08d3613c2deb50665b6cfde40b84c10b8906b61800b19
astc_12x12_unorm.ktx2	15	128	0	2097152	5ad0d24b80673c297da9fe3c73e524bc9f26f6c71e8bc48d5c93d2e6cc5dde28
astc_12x12_unorm.ktx2	15	256	0	2097152	64c6b8463bac35839ac08d3613c2deb50665b6cfde40b84c10b8906b61800b19
astc_12x12_unorm.ktx2	15	512	0	2097152	64c6b8463bac35839ac08d3613c2deb50665b6cfde40b84c10b8906b61800b19
astc_12x12_unorm.ktx2	15	0	1	524288	4ab1bb84a498f9417397d0e49925c6bca084a23cad8ea14b659dcaf038a6938d
astc_12x12_unorm.ktx2	15	128	1	524288	40928b9b9620ed3f8ff8bd26060780010e1adfb505928aab4cc54fce5a74e7c7
astc_12x12_unorm.ktx2	15	256	1	524288	4ab1bb84a498f9417397d0e49925c6bca084a23cad8ea14b659dcaf038a6938d
astc_12x12_unorm.ktx2	15	512	1	524288	4ab1bb84a498f9417397d0e49925c6bca084a23cad8ea14b659dcaf038a6938d
astc_12x12_unorm.ktx2	15	0	2	131072	01bb535c6bf54f1363dcc41ab6391645f490ac78428cd7910a9e9d0e1f7cc9c9
astc_12x12_unorm.ktx2	15	128	2	131072	4a129d0120eeaed77395c6ea47e73a51b57d7f50f821bf3b10439f532ac52652
astc_12x12_unorm.ktx2	15	256	2	131072	01bb535c6bf54f1363dcc41ab6391645f490ac78428cd7910a9e9d0e1f7cc9c9
astc_12x12_unorm.ktx2	15	512	2	131072	01bb535c6bf54f1363dcc41ab6391645f490ac78428cd7910a9e9d0e1f7cc9c9
astc_12x12_unorm.ktx2	15	0	3	32768	6d6b823276c910aef270fdc38776d50e59574e975cabc098b2e078d72892430e
astc_12x12_unorm.ktx2	15	128	3	32768	39d19ec807060761553d616c77477da070b98109a7e6c04438474b6c2ce740fb
astc_12x12_unorm.ktx2	15	256	3	32768	6d6b823276c910aef270fdc38776d50e59574e975cabc098b2e078d72892430e
astc_12x12_unorm.ktx2	15	512	3	32768	6d6b823276c910aef270fdc38776d50e59574e975cabc098b2e078d72892430e
astc_12x12_unorm.ktx2	15	0	4	8192	de7d7081bbd1abe2a3b35426dfdcc907d8fb7269b7f4c7770c1d520b22aca3c3
astc_12x12_unorm.ktx2	15	128	4	8192	8d0bf8f61a0cad44816a0518facaac654ee2282e6d83b838fa5bdf3b6fa29515
astc_12x12_unorm.ktx2	15	256	4	8192	de7d7081bbd1abe2a3b35426dfdcc907d8fb7269b7f4c7770c1d520b22aca3c3
astc_12x12_unorm.ktx2	15	512	4	8192	de7d7081bbd1abe2a3b35426dfdcc907d8fb7269b7f4c7770c1d520b22aca3c3
astc_12x12_unorm.ktx2	15	0	5	2048	9744fe9825c6c0e09ad405d745110a209a102c15ee14d2ca5ddf51e5a732f33d
astc_12x12_unorm.ktx2	15	128	5	2048	b52e7a39dcac893cea1e56a5358d2931ea4988890f027bbca466b3bcb6bb9467
astc_12x12_unorm.ktx2	15	256	5	2048	9744fe9825c6c0e09ad405d745110a209a102c15ee14d2ca5ddf51e5a732f33d
astc_12x12_unorm.ktx2	15	512	5	2048	9744fe9825c6c0e09ad405d745110a209a102c15ee14d2ca5ddf51e5a732f33d
astc_12x12_unorm.ktx2	15	0	6	512	76b9cede289dc43aac8cbf0bcebf52100b1e2601b9819a4f866867145859a747
astc_12x12_unorm.ktx2	15	128	6	512	add1cbaac54b29105b069ac1ac6528cb7f0a87218c6ffb50efc5b34397e8c948
astc_12x12_unorm.ktx2	15	256	6	512	76b9cede289dc43aac8cbf0bcebf52100b1e2601b9819a4f866867145859a747
astc_12x12_unorm.ktx2	15	512	6	512	76b9cede289dc43aac8cbf0bcebf52100b1e2601b9819a4f866867145859a747
astc_12x12_unorm.ktx2	15	0	7	128	bc789f4be264cb0d88ff7c0542990cfb545ae51cd532c81f3d7bc688192a72a7
astc_12x12_unorm.ktx2	15	128	7	128	bc789f4be264cb0d88ff7c0542990cfb545ae51cd532c81f3d7bc688192a72a7
astc_12x12_unorm.ktx2	15	256	7	128	bc789f4be264cb0d88ff7c0542990cfb545ae51cd532c81f3d7bc688192a72a7
astc_12x12_unorm.ktx2	15	512	7	128	bc789f4be264cb0d88ff7c0542990cfb545ae51cd532c81f3d7bc688192a72a7
astc_12x12_unorm.ktx2	15	0	8	32	a3f799e5f292af0ed687602b9d09c2d594ffaa2fe6fff96c9fec4f612b58940a
astc_12x12_unorm.ktx2	15	128	8	32	a3f799e5f292af0ed687602b9d09c2d594ffaa2fe6fff96c9fec4f612b58940a
astc_12x12_unorm.ktx2	15	256	8	32	a3f799e5f292af0ed687602b9d09c2d594ffaa2fe6fff96c9fec4f612b58940a
astc_12x12_unorm.ktx2	15	512	8	32	a3f799e5f292af0ed687602b9d09c2d594ffaa2fe6fff96c9fec4f612b58940a
astc_12x12_unorm.ktx2	15	0	9	8	37155b7518d80ffbaddd75a444c5251fa6139886155404b55defc4179912eff9
astc_12x12_unorm.ktx2	15	128	9	8	37155b7518d80ffbaddd75a444c5251fa6139886155404b55defc4179912eff9
astc_12x12_unorm.ktx2	15	256	9	8	37155b7518d80ffbaddd75a444c5251fa6139886155404b55defc4179912eff9
astc_12x12_unorm.ktx2	15	512	9	8	37155b7518d80ffbaddd75a444c5251fa6139886155404b55defc4179912eff9
astc_12x12_unorm.ktx2	15	0	10	2	591e59cef10116c9a0d6ccf709d50c44a024ff5dbaa1e38841223c4027e9f584
astc_12x12_unorm.ktx2	15	128	10	2	591e59cef10116c9a0d6ccf709d50c44a024ff5dbaa1e38841223c4027e9f584
astc_12x12_unorm.ktx2	15	256	10	2	591e59cef10116c9a0d6ccf709d50c44a024ff5dbaa1e38841223c4027e9f584
astc_12x12_unorm.ktx2	15	512	10	2	591e59cef10116c9a0d6ccf709d50c44a024ff5dbaa1e38841223c4027e9f584
astc_12x12_unorm.ktx2	16	0	0	2097152	6274da4748844828ba96cd12998e211e246aca161e97da8443719c0d0a4f0545
astc_12x12_unorm.ktx2	16	128	0	2097152	33ad1da6fafa0bc260f3d979ad2c86a739ad3e233040038cf6121f27fdeea108
astc_12x12_unorm.ktx2	16	256	0	2097152	6274da4748844828ba96cd12998e211e246aca161e97da8443719c0d0a4f0545
astc_12x12_unorm.ktx2	16	512	0	2097152	6274da4748844828ba96cd12998e211e246aca161e97da8443719c0d0a4f0545
astc_12x12_unorm.ktx2	16	0	1	524288	e935893ea5b6e26ec2c2c1088cca6b6dadf68a86e6b330c5d6e6c3f5959dcf05
astc_12x12_unorm.ktx2	16	128	1	524288	56fc3a37ff49ad59039183f12b9c91a0d3d4a715751ba6825e10363851d3419d
astc_12x12_unorm.ktx2	16	256	1	524288	e935893ea5b6e26ec2c2c1088cca6b6dadf68a86e6b330c5d6e6c3f5959dcf05
astc_12x12_unorm.ktx2	16	512	1	524288	e935893ea5b6e26ec2c2c1088cca6b6dadf68a86e6b330c5d6e6c3f5959dcf05
astc_12x12_unorm.ktx2	16	0	2	131072	bb1c34aecc5fd48be7cc4658c91fc1c340e74a158e8d1a85d3d874605d36fddb
astc_12x12_unorm.ktx2	16	128	2	131072	e7f63c3baf3eae6a2002c91b8a2a3c5d348f16697612896a9ce12e65dfc6f31b
astc_12x12_unorm.ktx2	16	256	2	131072	bb1c34aecc5fd48be7cc4658c91fc1c340e74a158e8d1a85d3d874605d36fddb
astc_12x12_unorm.ktx2	16	512	2	131072	bb1c34aecc5fd48be7cc4658c91fc1c340e74a158e8d1a85d3d874605d36fddb
astc_12x12_unorm.ktx2	16	0	3	32768	61a8955a7f942c9a4a7c6b8886c12ef8949aa51dd64351f30e598bfcce5580a8
astc_12x12_unorm.ktx2	16	128	3	32768	d571c0819b6a82c589f8a7d938edf0869d2b2fdab4528d41e21c1cde5deb0231
astc_12x12_unorm.ktx2	16	256	3	32768	61a8955a7f942c9a4a7c6b8886c12ef8949aa51dd64351f30e598bfcce5580a8
astc_12x12_unorm.ktx2	16	512	3	32768	61a8955a7f942c9a4a7c6b8886c12ef8949aa51dd64351f30e598bfcce5580a8
astc_12x12_unorm.ktx2	16	0	4	8192	e28e6ec0325909165a3bdddf83716048cc64d7c4871fe2a895c24f7b00bb6021
astc_12x12_unorm.ktx2	16	128	4	8192	36bfcd2e48d6ec26bc936c0bd127272f311e6be9cffc9559c8ef349cc5c46303
astc_12x12_unorm.ktx2	16	256	4	8192	e28e6ec0325909165a3bdddf83716048cc64d7c4871fe2a895c24f7b00bb6021
astc_12x12_unorm.ktx2	16	512	4	8192	e28e6ec0325909165a3bdddf83716048cc64d7c4871fe2a895c24f7b00bb6021
astc_12x12_unorm.ktx2	16	0	5	2048	407fde3edee10f2f9a7fd5452255f09a8fec84fe5e0491b925e5e5eb8ef6f59a
astc_12x12_unorm.ktx2	16	128	5	2048	fa1a41f71dad438f509f3c6b5091b831f44694cd60d8615083440e0770a57b38
astc_12x12_unorm.ktx2	16	256	5	2048	407fde3edee10f2f9a7fd5452255f09a8fec84fe5e0491b925e5e5eb8ef6f59a
astc_12x12_unorm.ktx2	16	512	5	2048	407fde3edee10f2f9a7fd5452255f09a8fec84fe5e0491b925e5e5eb8ef6f59a
astc_12x12_unorm.ktx2	16	0	6	512	622259c11f78bc9e4aea09f55f860d8bcf3fe93c240bf3f630cdcd18b5275b69
astc_12x12_unorm.ktx2	16	128	6	512	eae54d479442fb309d33473a5e79b6eac2c833db0b9a3419f877759f9b04c2d6
astc_12x12_unorm.ktx2	16	256	6	512	622259c11f78bc9e4aea09f55f860d8bcf3fe93c240bf3f630cdcd18b5275b69
astc_12x12_unorm.ktx2	16	512	6	512	622259c11f78bc9e4aea09f55f860d8bcf3fe93c240bf3f630cdcd18b5275b69
astc_12x12_unorm.ktx2	16	0	7	128	021feae42a64be8e65be51a520c6bdedfad782893071c57acf320a55985ef14b
astc_12x12_unorm.ktx2	16	128	7	128	021feae42a64be8e65be51a520c6bdedfad782893071c57acf320a55985ef14b
astc_12x12_unorm.ktx2	16	256	7	128	021feae42a64be8e65be51a520c6bdedfad782893071c57acf320a55985ef14b
astc_12x12_unorm.ktx2	16	512	7	128	021feae42a64be8e65be51a520c6bdedfad782893071c57acf320a55985ef14b
astc_12x12_unorm.ktx2	16	0	8	32	179bbd40029fe7915bde428c4b2c41bb4ec8fb2813a38efa06e30a1ec071b8c7
astc_12x12_unorm.ktx2	16	128	8	32	179bbd40029fe7915bde428c4b2c41bb4ec8fb2813a38efa06e30a1ec071b8c7
astc_12x12_unorm.ktx2	16	256	8	32	179bbd40029fe7915bde428c4b2c41bb4ec8fb2813a38efa06e30a1ec071b8c7
astc_12x12_unorm.ktx2	16	512	8	32	179bbd40029fe7915bde428c4b2c41bb4ec8fb2813a38efa06e30a1ec071b8c7
astc_12x12_unorm.ktx2	16	0	9	8	0e8b71c67049700121ee438439050ea816b270a503b8c5f04f33a0c71b5aad0c
astc_12x12_unorm.ktx2	16	128	9	8	0e8b71c67049700121ee438439050ea816b270a503b8c5f04f33a0c71b5aad0c
astc_12x12_unorm.ktx2	16	256	9	8	0e8b71c67049700121ee438439050ea816b270a503b8c5f04f33a0c71b5aad0c
astc_12x12_unorm.ktx2	16	512	9	8	0e8b71c67049700121ee438439050ea816b270a503b8c5f04f33a0c71b5aad0c
astc_12x12_unorm.ktx2	16	0	10	2	79a90406c3617600759ee7a082c67cbc14c2d1dadc9596bd7ae2d89e9d6cfa21
astc_12x12_unorm.ktx2	16	128	10	2	79a90406c3617600759ee7a082c67cbc14c2d1dadc9596bd7ae2d89e9d6cfa21
astc_12x12_unorm.ktx2	16	256	10	2	79a90406c3617600759ee7a082c67cbc14c2d1dadc9596bd7ae2d89e9d6cfa21
astc_12x12_unorm.ktx2	16	512	10	2	79a90406c3617600759ee7a082c67cbc14c2d1dadc9596bd7ae2d89e9d6cfa21
astc_12x12_unorm.ktx2	20	0	8	8	f80765debec7cf8cb2074570e82bd6be244de40e82d75d45b1f8b8f68b2caeb2
astc_12x12_unorm.ktx2	20	4	8	8	f80765debec7cf8cb2074570e82bd6be244de40e82d75d45b1f8b8f68b2caeb2
astc_12x12_unorm.ktx2	20	32	8	8	f80765debec7cf8cb2074570e82bd6be244de40e82d75d45b1f8b8f68b2caeb2
astc_12x12_unorm.ktx2	20	128	8	8	f80765debec7cf8cb2074570e82bd6be244de40e82d75d45b1f8b8f68b2caeb2
astc_12x12_unorm.ktx2	20	512	8	8	f80765debec7cf8cb2074570e82bd6be244de40e82d75d45b1f8b8f68b2caeb2
astc_12x12_unorm.ktx2	20	0	9	8	c8c62fe8247b97b6bb0a7df7bd44858594665427cc1cd9a8ae1bd4d73718b177
astc_12x12_unorm.ktx2	20	4	9	8	c8c62fe8247b97b6bb0a7df7bd44858594665427cc1cd9a8ae1bd4d73718b177
astc_12x12_unorm.ktx2	20	32	9	8	79e774d85efe91c032d2b6942f0b7002523ae873d2c50aaa81cccaad3fe623e7
astc_12x12_unorm.ktx2	20	128	9	8	5bf058c7e577d9f90f6005f7d6ba591fbdaa464ab24b0c021052b2d405d3a4df
astc_12x12_unorm.ktx2	20	512	9	8	c8c62fe8247b97b6bb0a7df7bd44858594665427cc1cd9a8ae1bd4d73718b177
astc_12x12_unorm.ktx2	20	0	10	8	4b0a9d9abf0eab19d79c75c627a2dd295b8ab0c806651e248806a1aa8e880d01
astc_12x12_unorm.ktx2	20	4	10	8	4b0a9d9abf0eab19d79c75c627a2dd295b8ab0c806651e248806a1aa8e880d01
astc_12x12_unorm.ktx2	20	32	10	8	4b0a9d9abf0eab19d79c75c627a2dd295b8ab0c806651e248806a1aa8e880d01
astc_12x12_unorm.ktx2	20	128	10	8	4b0a9d9abf0eab19d79c75c627a2dd295b8ab0c806651e248806a1aa8e880d01
astc_12x12_unorm.ktx2	20	512	10	8	4b0a9d9abf0eab19d79c75c627a2dd295b8ab0c806651e248806a1aa8e880d01
astc_12x12_unorm.ktx2	21	0	8	16	3994dda271cb58792e1e4bf54dc3d69b867f0e24f6b2969ea3138b0fc13eb2f3
astc_12x12_unorm.ktx2	21	32	8	16	3994dda271cb58792e1e4bf54dc3d69b867f0e24f6b2969ea3138b0fc13eb2f3
astc_12x12_unorm.ktx2	21	128	8	16	3994dda271cb58792e1e4bf54dc3d69b867f0e24f6b2969ea3138b0fc13eb2f3
astc_12x12_unorm.ktx2	21	512	8	16	3994dda271cb58792e1e4bf54dc3d69b867f0e24f6b2969ea3138b0fc13eb2f3
astc_12x12_unorm.ktx2	21	0	9	16	93ed34cd90d7490a1fc71017529df04b35c2b990c31b11230b53d714a945b64f
astc_12x12_unorm.ktx2	21	32	9	16	860e7cbf9989050dbec03e32846356d540177fe6c1421b0ab642b14364dd48ff
astc_12x12_unorm.ktx2	21	128	9	16	9dedfc5ca03ee8c6153857a41101222173b0a5fb97b62fd85aade8d9bddfb879
astc_12x12_unorm.ktx2	21	512	9	16	93ed34cd90d7490a1fc71017529df04b35c2b990c31b11230b53d714a945b64f
astc_12x12_unorm.ktx2	21	0	10	16	9bd6dec9d5ab587fe0b573e21121ff359c6b5d7a050059ed57bb50a00ba6e2d3
astc_12x12_unorm.ktx2	21	32	10	16	9bd6dec9d5ab587fe0b573e21121ff359c6b5d7a050059ed57bb50a00ba6e2d3
astc_12x12_unorm.ktx2	21	128	10	16	9bd6dec9d5ab587fe0b573e21121ff359c6b5d7a050059ed57bb50a00ba6e2d3
astc_12x12_unorm.ktx2	21	512	10	16	9bd6dec9d5ab587fe0b573e21121ff359c6b5d7a050059ed57bb50a00ba6e2d3
astc_12x12_unorm.ktx2	40	0	0	118336	d67c01cd9c6bc85248a73bdbe2cd1ba0b0b88027007c6d954f505ef44c1e4624
astc_12x12_unorm.ktx2	40	0	1	29584	0891bff47ded3356c7ac675c12cf6044247399189d6e1a5b6217509280ffd4ae
astc_12x12_unorm.ktx2	40	0	2	7744	c1e5fd926cbd540a238795ffc76def7158177c1e07e97fa7f2260ce5a0003535
astc_12x12_unorm.ktx2	40	0	3	1936	957b3ec00235eb8d2dc5d66fb05bdc48d04e8081d007776e4c49c8f08a7d1ee3
astc_12x12_unorm.ktx2	40	0	4	576	3916f51263e1655ab7c4e1d782b8ffe953b6e0a932abaae08f36a4cd29a9e93d
astc_12x12_unorm.ktx2	40	0	5	144	7451c6f462275503beba6ec489e80c322d96ccdb745554de3333f912e3838c85
astc_12x12_unorm.ktx2	40	0	6	64	8849e3ecbdfa41d5a39db5e254ea61dcb55fc93a42b5272cb4dc7dce672d00bb
astc_12x12_unorm.ktx2	40	0	7	16	a20ad5d0986f0fe86956064249e2e1c465a1dbae2c9496349546a044a961bfb4
astc_12x12_unorm.ktx2	40	0	8	16	96920e9f1c24c3c8947a3d06b815c1d9a91dfdec2e704c1d6c388c1e051fbc28
astc_12x12_unorm.ktx2	40	0	9	16	a1deb8e0edf13754bb0ac8200656b109c590ac1f4fa3466433da39d60ce8e46b
astc_12x12_unorm.ktx2	40	0	10	16	affe773421a29529014780dd33027aa3b5d3ff9b28684b7d85347846546b76a0
astc_4x4_srgb_mip.ktx2	0	0	0	8	d79510cbb3d9d828f6e7758bf0ea76a4577416c79dff032a92fa4a84a97339f5
astc_4x4_srgb_mip.ktx2	0	4	0	8	d79510cbb3d9d828f6e7758bf0ea76a4577416c79dff032a92fa4a84a97339f5
astc_4x4_srgb_mip.ktx2	0	128	0	8	d79510cbb3d9d828f6e7758bf0ea76a4577416c79dff032a92fa4a84a97339f5
astc_4x4_srgb_mip.ktx2	0	512	0	8	d79510cbb3d9d828f6e7758bf0ea76a4577416c79dff032a92fa4a84a97339f5
astc_4x4_srgb_mip.ktx2	0	0	1	8	4971992a6bd86d8b7bb6c4ae38a39f7419cbde1a0bff2e83fd73032360a0faab
astc_4x4_srgb_mip.ktx2	0	4	1	8	4971992a6bd86d8b7bb6c4ae38a39f7419cbde1a0bff2e83fd73032360a0faab
astc_4x4_srgb_mip.ktx2	0	128	1	8	4971992a6bd86d8b7bb6c4ae38a39f7419cbde1a0bff2e83fd73032360a0faab
astc_4x4_srgb_mip.ktx2	0	512	1	8	4971992a6bd86d8b7bb6c4ae38a39f7419cbde1a0bff2e83fd73032360a0faab
astc_4x4_srgb_mip.ktx2	0	0	2	8	badecc3d1ee2ee233318217555742af7740d9f5c022bcc731338743d3d928cd2
astc_4x4_srgb_mip.ktx2	0	4	2	8	badecc3d1ee2ee233318217555742af7740d9f5c022bcc731338743d3d928cd2
astc_4x4_srgb_mip.ktx2	0	128	2	8	badecc3d1ee2ee233318217555742af7740d9f5c022bcc731338743d3d928cd2
astc_4x4_srgb_mip.ktx2	0	512	2	8	badecc3d1ee2ee233318217555742af7740d9f5c022bcc731338743d3d928cd2
astc_4x4_srgb_mip.ktx2	1	0	0	16	09cc61c432b12a6d912d11a832022285663c9b871defde93f1d5d71d86c869e5
astc_4x4_srgb_mip.ktx2	1	32	0	16	09cc61c432b12a6d912d11a832022285663c9b871defde93f1d5d71d86c869e5
astc_4x4_srgb_mip.ktx2	1	128	0	16	09cc61c432b12a6d912d11a832022285663c9b871defde93f1d5d71d86c869e5
astc_4x4_srgb_mip.ktx2	1	512	0	16	09cc61c432b12a6d912d11a832022285663c9b871defde93f1d5d71d86c869e5
astc_4x4_srgb_mip.ktx2	1	0	1	16	214ee9c770bceec6e33ddb8fe75bc1d5705dc185be0aba192922acb6c2b0acad
astc_4x4_srgb_mip.ktx2	1	32	1	16	214ee9c770bceec6e33ddb8fe75bc1d5705dc185be0aba192922acb6c2b0acad
astc_4x4_srgb_mip.ktx2	1	128	1	16	214ee9c770bceec6e33ddb8fe75bc1d5705dc185be0aba192922acb6c2b0acad
astc_4x4_srgb_mip.ktx2	1	512	1	16	214ee9c770bceec6e33ddb8fe75bc1d5705dc185be0aba192922acb6c2b0acad
astc_4x4_srgb_mip.ktx2	1	0	2	16	35942a7e5ff44dd88c48c752e2f94260b9f8f6ac68c15523afd2c0d2be1d38b6
astc_4x4_srgb_mip.ktx2	1	32	2	16	35942a7e5ff44dd88c48c752e2f94260b9f8f6ac68c15523afd2c0d2be1d38b6
astc_4x4_srgb_mip.ktx2	1	128	2	16	35942a7e5ff44dd88c48c752e2f94260b9f8f6ac68c15523afd2c0d2be1d38b6
astc_4x4_srgb_mip.ktx2	1	512	2	16	35942a7e5ff44dd88c48c752e2f94260b9f8f6ac68c15523afd2c0d2be1d38b6
astc_4x4_srgb_mip.ktx2	2	0	0	8	8fc24b43314443cd340712ea9ca0875334e8bdee3d6c892485bb3c6b6898c79b
astc_4x4_srgb_mip.ktx2	2	32	0	8	2cd1f4ad45e149436bfb8f1b52ddb0bc43b06ee16bd2c9a005c4ee11b29e9da0
astc_4x4_srgb_mip.ktx2	2	128	0	8	8fc24b43314443cd340712ea9ca0875334e8bdee3d6c892485bb3c6b6898c79b
astc_4x4_srgb_mip.ktx2	2	512	0	8	8fc24b43314443cd340712ea9ca0875334e8bdee3d6c892485bb3c6b6898c79b
astc_4x4_srgb_mip.ktx2	2	0	1	8	b66593de65ec8d1f15a56695423586bed22655df553003dfbfb93978c43c0ce7
astc_4x4_srgb_mip.ktx2	2	32	1	8	b66593de65ec8d1f15a56695423586bed22655df553003dfbfb93978c43c0ce7
astc_4x4_srgb_mip.ktx2	2	128	1	8	b66593de65ec8d1f15a56695423586bed22655df553003dfbfb93978c43c0ce7
astc_4x4_srgb_mip.ktx2	2	512	1	8	b66593de65ec8d1f15a56695423586bed22655df553003dfbfb93978c43c0ce7
astc_4x4_srgb_mip.ktx2	2	0	2	8	cae9ce5584cd45ff8f38825f7ab76672d9860142b15768c2b378f3b8abaf3e48
astc_4x4_srgb_mip.ktx2	2	32	2	8	cae9ce5584cd45ff8f38825f7ab76672d9860142b15768c2b378f3b8abaf3e48
astc_4x4_srgb_mip.ktx2	2	128	2	8	cae9ce5584cd45ff8f38825f7ab76672d9860142b15768c2b378f3b8abaf3e48
astc_4x4_srgb_mip.ktx2	2	512	2	8	cae9ce5584cd45ff8f38825f7ab76672d9860142b15768c2b378f3b8abaf3e48
astc_4x4_srgb_mip.ktx2	3	0	0	16	98ce6e87ce904ce50a2ea1dd3ea81bd9c42a11aa74c9a798c0bfc8a422a9a5e8
astc_4x4_srgb_mip.ktx2	3	32	0	16	908ba7fe6dde4f34c63e249c2ca1989e394f2d01888213c5fbcadd8237b0c74e
astc_4x4_srgb_mip.ktx2	3	128	0	16	98ce6e87ce904ce50a2ea1dd3ea81bd9c42a11aa74c9a798c0bfc8a422a9a5e8
astc_4x4_srgb_mip.ktx2	3	512	0	16	98ce6e87ce904ce50a2ea1dd3ea81bd9c42a11aa74c9a798c0bfc8a422a9a5e8
astc_4x4_srgb_mip.ktx2	3	0	1	16	16a2eed915175575c6abf570c2a0ac64a0e43edceaa245a832ee2524e94c027b
astc_4x4_srgb_mip.ktx2	3	32	1	16	16a2eed915175575c6abf570c2a0ac64a0e43edceaa245a832ee2524e94c027b
astc_4x4_srgb_mip.ktx2	3	128	1	16	16a2eed915175575c6abf570c2a0ac64a0e43edceaa245a832ee2524e94c027b
astc_4x4_srgb_mip.ktx2	3	512	1	16	16a2eed915175575c6abf570c2a0ac64a0e43edceaa245a832ee2524e94c027b
astc_4x4_srgb_mip.ktx2	3	0	2	16	4beb123bd83e75e5ebb87b5c0f3c93643cd7ed3b2362f3080370f90c9d7e7aca
astc_4x4_srgb_mip.ktx2	3	32	2	16	4beb123bd83e75e5ebb87b5c0f3c93643cd7ed3b2362f3080370f90c9d7e7aca
astc_4x4_srgb_mip.ktx2	3	128	2	16	4beb123bd83e75e5ebb87b5c0f3c93643cd7ed3b2362f3080370f90c9d7e7aca
astc_4x4_srgb_mip.ktx2	3	512	2	16	4beb123bd83e75e5ebb87b5c0f3c93643cd7ed3b2362f3080370f90c9d7e7aca
astc_4x4_srgb_mip.ktx2	4	0	0	8	da8d592a71b8a413a3b1ea498bbb4c8ca3723c5b041b8365506926930b858975
astc_4x4_srgb_mip.ktx2	4	4	0	8	da8d592a71b8a413a3b1ea498bbb4c8ca3723c5b041b8365506926930b858975
astc_4x4_srgb_mip.ktx2	4	32	0	8	da8d592a71b8a413a3b1ea498bbb4c8ca3723c5b041b8365506926930b858975
astc_4x4_srgb_mip.ktx2	4	128	0	8	da8d592a71b8a413a3b1ea498bbb4c8ca3723c5b041b8365506926930b858975
astc_4x4_srgb_mip.ktx2	4	512	0	8	da8d592a71b8a413a3b1ea498bbb4c8ca3723c5b041b8365506926930b858975
astc_4x4_srgb_mip.ktx2	4	0	1	8	f63aa3e184f58bae095c2f39fd31108c17bbbd07a4a64a4c4f568e910c01fec6
astc_4x4_srgb_mip.ktx2	4	4	1	8	f63aa3e184f58bae095c2f39fd31108c17bbbd07a4a64a4c4f568e910c01fec6
astc_4x4_srgb_mip.ktx2	4	32	1	8	f63aa3e184f58bae095c2f39fd31108c17bbbd07a4a64a4c4f568e910c01fec6
astc_4x4_srgb_mip.ktx2	4	128	1	8	f63aa3e184f58bae095c2f39fd31108c17bbbd07a4a64a4c4f568e910c01fec6
astc_4x4_srgb_mip.ktx2	4	512	1	8	f63aa3e184f58bae095c2f39fd31108c17bbbd07a4a64a4c4f568e910c01fec6
astc_4x4_srgb_mip.ktx2	4	0	2	8	8de644660769b60270379266544e693df7d10d8e13e6314d2c9921ede1a42d16
astc_4x4_srgb_mip.ktx2	4	4	2	8	8de644660769b60270379266544e693df7d10d8e13e6314d2c9921ede1a42d16
astc_4x4_srgb_mip.ktx2	4	32	2	8	8de644660769b60270379266544e693df7d10d8e13e6314d2c9921ede1a42d16
astc_4x4_srgb_mip.ktx2	4	128	2	8	8de644660769b60270379266544e693df7d10d8e13e6314d2c9921ede1a42d16
astc_4x4_srgb_mip.ktx2	4	512	2	8	8de644660769b60270379266544e693df7d10d8e13e6314d2c9921ede1a42d16
astc_4x4_srgb_mip.ktx2	5	0	0	16	c3279ffe7960d6b5c1fa08080c26ba0dfe32956d6bb7df8b397b9eea930deb55
astc_4x4_srgb_mip.ktx2	5	32	0	16	c3279ffe7960d6b5c1fa08080c26ba0dfe32956d6bb7df8b397b9eea930deb55
astc_4x4_srgb_mip.ktx2	5	128	0	16	c3279ffe7960d6b5c1fa08080c26ba0dfe32956d6bb7df8b397b9eea930deb55
astc_4x4_srgb_mip.ktx2	5	512	0	16	c3279ffe7960d6b5c1fa08080c26ba0dfe32956d6bb7df8b397b9eea930deb55
astc_4x4_srgb_mip.ktx2	5	0	1	16	cf5f2a043e2b94f00443da1b2b3a585eeca65bd7bc92130983157e32832d9929
astc_4x4_srgb_mip.ktx2	5	32	1	16	cf5f2a043e2b94f00443da1b2b3a585eeca65bd7bc92130983157e32832d9929
astc_4x4_srgb_mip.ktx2	5	128	1	16	cf5f2a043e2b94f00443da1b2b3a585eeca65bd7bc92130983157e32832d9929
astc_4x4_srgb_mip.ktx2	5	512	1	16	cf5f2a043e2b94f00443da1b2b3a585eeca65bd7bc92130983157e32832d9929
astc_4x4_srgb_mip.ktx2	5	0	2	16	2ac70d298e474181fbca9f2b5959b1e1e08cf841385a7050457386a32243b9b1
astc_4x4_srgb_mip.ktx2	5	32	2	16	2ac70d298e474181fbca9f2b5959b1e1e08cf841385a7050457386a32243b9b1
astc_4x4_srgb_mip.ktx2	5	128	2	16	2ac70d298e474181fbca9f2b5959b1e1e08cf841385a7050457386a32243b9b1
astc_4x4_srgb_mip.ktx2	5	512	2	16	2ac70d298e474181fbca9f2b5959b1e1e08cf841385a7050457386a32243b9b1
astc_4x4_srgb_mip.ktx2	6	0	0	16	421fa36ac046c6406133bb02eb73b006809c6dbeaf2685b0fa2ab4578a406c05
astc_4x4_srgb_mip.ktx2	6	32	0	16	421fa36ac046c6406133bb02eb73b006809c6dbeaf2685b0fa2ab4578a406c05
astc_4x4_srgb_mip.ktx2	6	128	0	16	421fa36ac046c6406133bb02eb73b006809c6dbeaf2685b0fa2ab4578a406c05
astc_4x4_srgb_mip.ktx2	6	512	0	16	421fa36ac046c6406133bb02eb73b006809c6dbeaf2685b0fa2ab4578a406c05
astc_4x4_srgb_mip.ktx2	6	0	1	16	67fad05d3b39ee0ab9c66403688871a09dee2d2a072b7313fcd218f47b31e7f2
astc_4x4_srgb_mip.ktx2	6	32	1	16	67fad05d3b39ee0ab9c66403688871a09dee2d2a072b7313fcd218f47b31e7f2
astc_4x4_srgb_mip.ktx2	6	128	1	16	67fad05d3b39ee0ab9c66403688871a09dee2d2a072b7313fcd218f47b31e7f2
astc_4x4_srgb_mip.ktx2	6	512	1	16	67fad05d3b39ee0ab9c66403688871a09dee2d2a072b7313fcd218f47b31e7f2
astc_4x4_srgb_mip.ktx2	6	0	2	16	523d84d3c6cdd80e02f41422ad29dd03aabfac0c625ef5a76350bf047e24f2f2
astc_4x4_srgb_mip.ktx2	6	32	2	16	523d84d3c6cdd80e02f41422ad29dd03aabfac0c625ef5a76350bf047e24f2f2
astc_4x4_srgb_mip.ktx2	6	128	2	16	523d84d3c6cdd80e02f41422ad29dd03aabfac0c625ef5a76350bf047e24f2f2
astc_4x4_srgb_mip.ktx2	6	512	2	16	523d84d3c6cdd80e02f41422ad29dd03aabfac0c625ef5a76350bf047e24f2f2
astc_4x4_srgb_mip.ktx2	8	0	0	8	6c3ae1b2292f8acf9aa309b50547c85d5e63a80638c36d0674ed1d3e37fc81b1
astc_4x4_srgb_mip.ktx2	8	4	0	8	6c3ae1b2292f8acf9aa309b50547c85d5e63a80638c36d0674ed1d3e37fc81b1
astc_4x4_srgb_mip.ktx2	8	128	0	8	6c3ae1b2292f8acf9aa309b50547c85d5e63a80638c36d0674ed1d3e37fc81b1
astc_4x4_srgb_mip.ktx2	8	512	0	8	6c3ae1b2292f8acf9aa309b50547c85d5e63a80638c36d0674ed1d3e37fc81b1
astc_4x4_srgb_mip.ktx2	8	0	1	8	6ed75d1479892890939bfb249aa69981cc77da83704f415b2ebd87e895896488
astc_4x4_srgb_mip.ktx2	8	4	1	8	6ed75d1479892890939bfb249aa69981cc77da83704f415b2ebd87e895896488
astc_4x4_srgb_mip.ktx2	8	128	1	8	6ed75d1479892890939bfb249aa69981cc77da83704f415b2ebd87e895896488
astc_4x4_srgb_mip.ktx2	8	512	1	8	6ed75d1479892890939bfb249aa69981cc77da83704f415b2ebd87e895896488
astc_4x4_srgb_mip.ktx2	8	0	2	8	bc87ab5df9fc7f9fc462defe64e24d0fee79037bbc441ea6de86c02952e6f100
astc_4x4_srgb_mip.ktx2	8	4	2	8	bc87ab5df9fc7f9fc462defe64e24d0fee79037bbc441ea6de86c02952e6f100
astc_4x4_srgb_mip.ktx2	8	128	2	8	bc87ab5df9fc7f9fc462defe64e24d0fee79037bbc441ea6de86c02952e6f100
astc_4x4_srgb_mip.ktx2	8	512	2	8	bc87ab5df9fc7f9fc462defe64e24d0fee79037bbc441ea6de86c02952e6f100
astc_4x4_srgb_mip.ktx2	9	0	0	8	6c3ae1b2292f8acf9aa309b50547c85d5e63a80638c36d0674ed1d3e37fc81b1
astc_4x4_srgb_mip.ktx2	9	128	0	8	6c3ae1b2292f8acf9aa309b50547c85d5e63a80638c36d0674ed1d3e37fc81b1
astc_4x4_srgb_mip.ktx2	9	512	0	8	6c3ae1b2292f8acf9aa309b50547c85d5e63a80638c36d0674ed1d3e37fc81b1
astc_4x4_srgb_mip.ktx2	9	0	1	8	6ed75d1479892890939bfb249aa69981cc77da83704f415b2ebd87e895896488
astc_4x4_srgb_mip.ktx2	9	128	1	8	6ed75d1479892890939bfb249aa69981cc77da83704f415b2ebd87e895896488
astc_4x4_srgb_mip.ktx2	9	512	1	8	6ed75d1479892890939bfb249aa69981cc77da83704f415b2ebd87e895896488
astc_4x4_srgb_mip.ktx2	9	0	2	8	a250e0d0e0a3649415edf76061c7269b1667cb7e9705b3fb3049c78cdeb80e68
astc_4x4_srgb_mip.ktx2	9	128	2	8	a250e0d0e0a3649415edf76061c7269b1667cb7e9705b3fb3049c78cdeb80e68
astc_4x4_srgb_mip.ktx2	9	512	2	8	a250e0d0e0a3649415edf76061c7269b1667cb7e9705b3fb3049c78cdeb80e68
astc_4x4_srgb_mip.ktx2	10	0	0	16	122bd8232e9b1e926295ce9e83db28d607a1585cc854717af233c55445f57687
astc_4x4_srgb_mip.ktx2	10	0	1	16	d02df2fb922f7887abe8da7421f804a1bcd836f9a3f30259b8ed8f7b9bde34ee
astc_4x4_srgb_mip.ktx2	10	0	2	16	da4485224b0428b4ddffb48a9162327307fa3e5cf909b61e897c9f571e34920b
astc_4x4_srgb_mip.ktx2	13	0	0	64	e8304dcc2ba11db0ed9bb7af936367547ad541b378615b043cd1a2ae59ab6a3a
astc_4x4_srgb_mip.ktx2	13	128	0	64	e8304dcc2ba11db0ed9bb7af936367547ad541b378615b043cd1a2ae59ab6a3a
astc_4x4_srgb_mip.ktx2	13	256	0	64	e8304dcc2ba11db0ed9bb7af936367547ad541b378615b043cd1a2ae59ab6a3a
astc_4x4_srgb_mip.ktx2	13	512	0	64	e8304dcc2ba11db0ed9bb7af936367547ad541b378615b043cd1a2ae59ab6a3a
astc_4x4_srgb_mip.ktx2	13	0	1	16	15feedd636b6b92b66ae66c71a9be75ab55ed9b4124066736be1337816fe4a1e
astc_4x4_srgb_mip.ktx2	13	128	1	16	15feedd636b6b92b66ae66c71a9be75ab55ed9b4124066736be1337816fe4a1e
astc_4x4_srgb_mip.ktx2	13	256	1	16	15feedd636b6b92b66ae66c71a9be75ab55ed9b4124066736be1337816fe4a1e
astc_4x4_srgb_mip.ktx2	13	512	1	16	15feedd636b6b92b66ae66c71a9be75ab55ed9b4124066736be1337816fe4a1e
astc_4x4_srgb_mip.ktx2	13	0	2	4	ea4b1f32596ebb87b5796e2d892fc338ef2bc6cba4cb08449cd32230537f77cc
astc_4x4_srgb_mip.ktx2	13	128	2	4	ea4b1f32596ebb87b5796e2d892fc338ef2bc6cba4cb08449cd32230537f77cc
astc_4x4_srgb_mip.ktx2	13	256	2	4	ea4b1f32596ebb87b5796e2d892fc338ef2bc6cba4cb08449cd32230537f77cc
astc_4x4_srgb_mip.ktx2	13	512	2	4	ea4b1f32596ebb87b5796e2d892fc338ef2bc6cba4cb08449cd32230537f77cc
astc_4x4_srgb_mip.ktx2	14	0	0	32	306fdd804c4ac2c8650d1a8aa1975d6ca2793e42158fed00c6577b576532c943
astc_4x4_srgb_mip.ktx2	14	128	0	32	306fdd804c4ac2c8650d1a8aa1975d6ca2793e42158fed00c6577b576532c943
astc_4x4_srgb_mip.ktx2	14	256	0	32	306fdd804c4ac2c8650d1a8aa1975d6ca2793e42158fed00c6577b576532c943
astc_4x4_srgb_mip.ktx2	14	512	0	32	306fdd804c4ac2c8650d1a8aa1975d6ca2793e42158fed00c6577b576532c943
astc_4x4_srgb_mip.ktx2	14	0	1	8	d615714d2c12a341715e4d4258bbb8153c4a1bc986f5a6398f222c4491575188
astc_4x4_srgb_mip.ktx2	14	128	1	8	d615714d2c12a341715e4d4258bbb8153c4a1bc986f5a6398f222c4491575188
astc_4x4_srgb_mip.ktx2	14	256	1	8	d615714d2c12a341715e4d4258bbb8153c4a1bc986f5a6398f222c4491575188
astc_4x4_srgb_mip.ktx2	14	512	1	8	d615714d2c12a341715e4d4258bbb8153c4a1bc986f5a6398f222c4491575188
astc_4x4_srgb_mip.ktx2	14	0	2	2	82c1f7eee94e175e94dc0c2c061c38986fe60198baf43c46e6b46539b35d65df
astc_4x4_srgb_mip.ktx2	14	128	2	2	82c1f7eee94e175e94dc0c2c061c38986fe60198baf43c46e6b46539b35d65df
astc_4x4_srgb_mip.ktx2	14	256	2	2	82c1f7eee94e175e94dc0c2c061c38986fe60198baf43c46e6b46539b35d65df
astc_4x4_srgb_mip.ktx2	14	512	2	2	82c1f7eee94e175e94dc0c2c061c38986fe60198baf43c46e6b46539b35d65df
astc_4x4_srgb_mip.ktx2	15	0	0	32	e4c36151cfc72ef396d4dcfdc4c01542cb13f5006044740d8567c22024a59d15
astc_4x4_srgb_mip.ktx2	15	128	0	32	e4c36151cfc72ef396d4dcfdc4c01542cb13f5006044740d8567c22024a59d15
astc_4x4_srgb_mip.ktx2	15	256	0	32	e4c36151cfc72ef396d4dcfdc4c01542cb13f5006044740d8567c22024a59d15
astc_4x4_srgb_mip.ktx2	15	512	0	32	e4c36151cfc72ef396d4dcfdc4c01542cb13f5006044740d8567c22024a59d15
astc_4x4_srgb_mip.ktx2	15	0	1	8	10521ec1caf091c90c9aa9daf6c90b3bdd1e7dcdd2808e2ddb72981bfab22370
astc_4x4_srgb_mip.ktx2	15	128	1	8	10521ec1caf091c90c9aa9daf6c90b3bdd1e7dcdd2808e2ddb72981bfab22370
astc_4x4_srgb_mip.ktx2	15	256	1	8	10521ec1caf091c90c9aa9daf6c90b3bdd1e7dcdd2808e2ddb72981bfab22370
astc_4x4_srgb_mip.ktx2	15	512	1	8	10521ec1caf091c90c9aa9daf6c90b3bdd1e7dcdd2808e2ddb72981bfab22370
astc_4x4_srgb_mip.ktx2	15	0	2	2	66c4475fbc8b5c9faec8e877b4e40c64e7d8309871eb25f8028de8e8702023c3
astc_4x4_srgb_mip.ktx2	15	128	2	2	66c4475fbc8b5c9faec8e877b4e40c64e7d8309871eb25f8028de8e8702023c3
astc_4x4_srgb_mip.ktx2	15	256	2	2	66c4475fbc8b5c9faec8e877b4e40c64e7d8309871eb25f8028de8e8702023c3
astc_4x4_srgb_mip.ktx2	15	512	2	2	66c4475fbc8b5c9faec8e877b4e40c64e7d8309871eb25f8028de8e8702023c3
astc_4x4_srgb_mip.ktx2	16	0	0	32	968d48afee69fcce1a16a4ee65aa1e13ae49c617ca4fcb57eee3b97a75f935f2
astc_4x4_srgb_mip.ktx2	16	128	0	32	968d48afee69fcce1a16a4ee65aa1e13ae49c617ca4fcb57eee3b97a75f935f2
astc_4x4_srgb_mip.ktx2	16	256	0	32	968d48afee69fcce1a16a4ee65aa1e13ae49c617ca4fcb57eee3b97a75f935f2
astc_4x4_srgb_mip.ktx2	16	512	0	32	968d48afee69fcce1a16a4ee65aa1e13ae49c617ca4fcb57eee3b97a75f935f2
astc_4x4_srgb_mip.ktx2	16	0	1	8	670f17faab65ea5946a13cc830eb1672eb08fa4a1e4eec86a455a0f9d5395bc4
astc_4x4_srgb_mip.ktx2	16	128	1	8	670f17faab65ea5946a13cc830eb1672eb08fa4a1e4eec86a455a0f9d5395bc4
astc_4x4_srgb_mip.ktx2	16	256	1	8	670f17faab65ea5946a13cc830eb1672eb08fa4a1e4eec86a455a0f9d5395bc4
astc_4x4_srgb_mip.ktx2	16	512	1	8	670f17faab65ea5946a13cc830eb1672eb08fa4a1e4eec86a455a0f9d5395bc4
astc_4x4_srgb_mip.ktx2	16	0	2	2	2ca86403a884719fb41775cd24a7af470893284621f156cf24a2486c9775a37c
astc_4x4_srgb_mip.ktx2	16	128	2	2	2ca86403a884719fb41775cd24a7af470893284621f156cf24a2486c9775a37c
astc_4x4_srgb_mip.ktx2	16	256	2	2	2ca86403a884719fb41775cd24a7af470893284621f156cf24a2486c9775a37c
astc_4x4_srgb_mip.ktx2	16	512	2	2	2ca86403a884719fb41775cd24a7af470893284621f156cf24a2486c9775a37c
astc_4x4_srgb_mip.ktx2	20	0	0	8	1ab2d6b87bf7d22690754d80b6a169fd3be266acb6f987a80a1081eb86418826
astc_4x4_srgb_mip.ktx2	20	4	0	8	1ab2d6b87bf7d22690754d80b6a169fd3be266acb6f987a80a1081eb86418826
astc_4x4_srgb_mip.ktx2	20	32	0	8	e21840ef57abedd2d19747c7ecc6985a7fcdc21c8bca1d2522b4ad2187144166
astc_4x4_srgb_mip.ktx2	20	128	0	8	1ab2d6b87bf7d22690754d80b6a169fd3be266acb6f987a80a1081eb86418826
astc_4x4_srgb_mip.ktx2	20	512	0	8	1ab2d6b87bf7d22690754d80b6a169fd3be266acb6f987a80a1081eb86418826
astc_4x4_srgb_mip.ktx2	20	0	1	8	eaadab9665c730d383fd3401cab08979f856c7c4bd21ba51c4ed88ad7793477c
astc_4x4_srgb_mip.ktx2	20	4	1	8	eaadab9665c730d383fd3401cab08979f856c7c4bd21ba51c4ed88ad7793477c
astc_4x4_srgb_mip.ktx2	20	32	1	8	c504671527a6ce22acc5b2a99a9b76126a5f6a6168d6981364cfc9bcdef9f57e
astc_4x4_srgb_mip.ktx2	20	128	1	8	eaadab9665c730d383fd3401cab08979f856c7c4bd21ba51c4ed88ad7793477c
astc_4x4_srgb_mip.ktx2	20	512	1	8	eaadab9665c730d383fd3401cab08979f856c7c4bd21ba51c4ed88ad7793477c
astc_4x4_srgb_mip.ktx2	20	0	2	8	fd8f1a8496fbe139b706116ff45b7f4a56bea1f0c0bf45ce8838d7ee5773b81d
astc_4x4_srgb_mip.ktx2	20	4	2	8	fd8f1a8496fbe139b706116ff45b7f4a56bea1f0c0bf45ce8838d7ee5773b81d
astc_4x4_srgb_mip.ktx2	20	32	2	8	fd8f1a8496fbe139b706116ff45b7f4a56bea1f0c0bf45ce8838d7ee5773b81d
astc_4x4_srgb_mip.ktx2	20	128	2	8	fd8f1a8496fbe139b706116ff45b7f4a56bea1f0c0bf45ce8838d7ee5773b81d
astc_4x4_srgb_mip.ktx2	20	512	2	8	fd8f1a8496fbe139b706116ff45b7f4a56bea1f0c0bf45ce8838d7ee5773b81d
astc_4x4_srgb_mip.ktx2	21	0	0	16	a451499dd8f548e724db56792f4da478ea45cb47e9d337fd88ec9eabebc95d97
astc_4x4_srgb_mip.ktx2	21	32	0	16	4a408128f3b092ad973c0e7ec347737260eaece2a16c2b021105f90b1b4a657c
astc_4x4_srgb_mip.ktx2	21	128	0	16	a451499dd8f548e724db56792f4da478ea45cb47e9d337fd88ec9eabebc95d97
astc_4x4_srgb_mip.ktx2	21	512	0	16	a451499dd8f548e724db56792f4da478ea45cb47e9d337fd88ec9eabebc95d97
astc_4x4_srgb_mip.ktx2	21	0	1	16	e522e89886e62cd1939e7cb880f4ca6f8dfa314d46b5b7c566a1781e38ad62dc
astc_4x4_srgb_mip.ktx2	21	32	1	16	1769277e4dc9ab1dc75d08157593d7efcc19ac44664ce2d18c672125c0d8c658
astc_4x4_srgb_mip.ktx2	21	128	1	16	e522e89886e62cd1939e7cb880f4ca6f8dfa314d46b5b7c566a1781e38ad62dc
astc_4x4_srgb_mip.ktx2	21	512	1	16	e522e89886e62cd1939e7cb880f4ca6f8dfa314d46b5b7c566a1781e38ad62dc
astc_4x4_srgb_mip.ktx2	21	0	2	16	ff8540ec0168d9b0d27802e4d51a70ea4e8a159d2d5e1227707e0775baa5b4af
astc_4x4_srgb_mip.ktx2	21	32	2	16	ff8540ec0168d9b0d27802e4d51a70ea4e8a159d2d5e1227707e0775baa5b4af
astc_4x4_srgb_mip.ktx2	21	128	2	16	ff8540ec0168d9b0d27802e4d51a70ea4e8a159d2d5e1227707e0775baa5b4af
astc_4x4_srgb_mip.ktx2	21	512	2	16	ff8540ec0168d9b0d27802e4d51a70ea4e8a159d2d5e1227707e0775baa5b4af
astc_hdr_6x6_zstd.ktx2	22	0	1	64	ab9372c7c50a385ee9d39a5104b935a0dc90e3984e08e529c9c4b490c7943f5a
astc_hdr_6x6_zstd.ktx2	22	32	1	64	7fedca2f748866d32a611ef4e5a0c503cfe241ad96f5ea5dd6522543b79d7d70
astc_hdr_6x6_zstd.ktx2	22	0	2	16	e1efcfd17645a941e4cb6b35553205b61d9e705cba0d071448e0e43502d26019
astc_hdr_6x6_zstd.ktx2	22	32	2	16	eb8ede6487e7c3e7971b03fc314be7b579a49f47090832387a69abd49fd54ae4
astc_hdr_6x6_zstd.ktx2	22	0	3	16	0856ae6b2d4ac9bef5233c079831aad670329ec7b4dafc037eeeea4f18c5acf6
astc_hdr_6x6_zstd.ktx2	22	32	3	16	0856ae6b2d4ac9bef5233c079831aad670329ec7b4dafc037eeeea4f18c5acf6
astc_hdr_6x6_zstd.ktx2	22	0	4	16	9c69a1ad915f3f3147381dd8ef5a30f537bed6e4405cf44fab73d514b7bf9062
astc_hdr_6x6_zstd.ktx2	22	32	4	16	9c69a1ad915f3f3147381dd8ef5a30f537bed6e4405cf44fab73d514b7bf9062
astc_hdr_6x6_zstd.ktx2	24	0	0	1536	97275f232839803f2a1dbe083d4dccec9801bcf704c5587b9979545502527980
astc_hdr_6x6_zstd.ktx2	24	0	1	384	f301e26e3fb06422ed38e5a700141fe958a24882a4298d2d5549dc5b7012d17a
astc_hdr_6x6_zstd.ktx2	24	0	2	96	d63a7eb489aca68f643565d1942475eee195df841ad7c9d554371a65847d99f5
astc_hdr_6x6_zstd.ktx2	24	0	3	24	3eb16e69143d5a73ff63431500771bf0f26f178bf592169a6187c7b02821808c
astc_hdr_6x6_zstd.ktx2	24	0	4	6	14d534e3a5a0b93a04f6f3f6677ec10ce5cbf5dd432ae50cf8749469fa9ff88f
astc_hdr_6x6_zstd.ktx2	25	0	0	2048	236adcc7d1b273de68ddf8939eacb3b1e94c7950164992baecac2ca4960e1cc2
astc_hdr_6x6_zstd.ktx2	25	0	1	512	bd7f210196b50b3daaa4a8f12b1ce3a0586445c62a638606152b22a83fe177fa
astc_hdr_6x6_zstd.ktx2	25	0	2	128	0aca67ef646e3beb63292d9bc00d1d2f5eb1ccfdc89d315f6d2d49529c0ec2d1
astc_hdr_6x6_zstd.ktx2	25	0	3	32	40e4d52a89d8e4425a1022defd07ffafb95ecdb6ccf6ed3367f1f5cbe5e94a4b
astc_hdr_6x6_zstd.ktx2	25	0	4	8	9ca44d88a748466f10946348477a5c82a69ffba655e8a0b327a94f13de8373d6
astc_hdr_6x6_zstd.ktx2	26	0	0	1024	d89feab245c4353990e479e42b536a8aa871e5cec352e764349b6838e6a3f50f
astc_hdr_6x6_zstd.ktx2	26	0	1	256	9384b65f84d6a2c8013965f60b86bf3575079cf2fc67bfb6433bb29bab954320
astc_hdr_6x6_zstd.ktx2	26	0	2	64	4e00900d0d98bfcdde9f0cddd30c9e56bb506062bfcb327c8ab6e823d379cfee
astc_hdr_6x6_zstd.ktx2	26	0	3	16	36a211e4011e8b9d9d734c21eb9df47bc6cd6a6f8ff4ebf73edc6e233c1e8a26
astc_hdr_6x6_zstd.ktx2	26	0	4	4	440c834da040ed8d262c41374747675040a257f0d42a9c329411e9b911b3fd34
astc_hdr_6x6_zstd.ktx2	27	0	0	144	ccab9d062aef716da3fda3921bf0de84b332689981ee07e722bfa08a265ca92c
astc_hdr_6x6_zstd.ktx2	27	0	1	64	d68815865135f7564773938352600464dbac5174a5b1980e9dfa1c3da908e427
astc_hdr_6x6_zstd.ktx2	27	0	2	16	350886f65e45dba4f166d2bf9f49b321c46e439b4859ec0967f71ceb4cf0119e
astc_hdr_6x6_zstd.ktx2	27	0	3	16	d1e400d460aefbb2acbff9181ceeb053510182db68a156d63c833dd1a8e5cc00
astc_hdr_6x6_zstd.ktx2	27	0	4	16	915735427d3a7c586e0f60cc44339b47b9de778dac8259475c2f859a1f6e5d52
etc1s.ktx2	0	0	0	800	f39b0aa9221476867f172cf03306a6f0d77cc9e5d07505a27f582a76cedab30f
etc1s.ktx2	0	0	1	200	59512d214a4e902e07dfa61a48dedacdfb3ffaf71b44b422fb2b9196d1affba4
etc1s.ktx2	0	0	2	72	efe99601687ef238002b83f4ed02a23c73b4fe7ecc04a530a342b3593a1d1fe9
etc1s.ktx2	0	0	3	32	14cd143789448b5e109da05bf1a1f52e395c144b214fa9924b20e5e0b5b6ec81
etc1s.ktx2	0	0	4	8	9355912635a8ad41507300e170c2434255916c7dc4584389b53620386665e15b
etc1s.ktx2	0	0	5	8	951a81a67d5dfa67ceeb0ccbcc5a862a533f0bffb5b29630513f39e6308f4f8e
etc1s.ktx2	1	0	0	1600	db6d8d88a6868c21ee0028cad274d619c670b46fe65e9ccb1d46a8192107b4f4
etc1s.ktx2	1	0	1	400	f6b8a715a7790405e94d83b64210365c1a88f57c89e6fdef672fcb22f4b1607d
etc1s.ktx2	1	0	2	144	76a947fc1c01e106537b821fc0fd72c5ac8cea6d7ea541e16bc1653e96f81aa7
etc1s.ktx2	1	0	3	64	e8de121108e61cdbd313623a8f730e176c42c9865f4c952ef97870b77fdc0e87
etc1s.ktx2	1	0	4	16	368ca64716a5be1aa3213d287e5c9ac45b9fe84a2b270cdbee221d7bb945fdec
etc1s.ktx2	1	0	5	16	c98aab351b32047996d0a9dc6ee32b0aa1513246237caa07d041eef835dd0e63
etc1s.ktx2	2	0	0	800	788925bc9bbcec3d2331ee16fda3181cfea258c890d91a9fa9924183403194cf
etc1s.ktx2	2	0	1	200	ea6143898ef79760f781c0995b3a89b404e5c845e8e9696e70852afb8691e4e2
etc1s.ktx2	2	0	2	72	f087f36d15389c66d4b57cf401a095210e89d674e0fefb67e20cf56837d31e09
etc1s.ktx2	2	0	3	32	5e69fbc0271c3dbcc381cee0d83bfecfbcfe336dde8d6a52452f17ddc21c996b
etc1s.ktx2	2	0	4	8	657f2e2a52caf09d4ea56594c181ca00a35c5776bae7ad2d2953db49f3618746
etc1s.ktx2	2	0	5	8	8f7630ee76a50b723d178f114580f988c7a7b44f822c8af582e6bfeca32ed68c
etc1s.ktx2	3	0	0	1600	0db79c2637b147ff5d3f2c237bc44139918e4383304b78aa0432d8e0fec6e676
etc1s.ktx2	3	0	1	400	a7a3905b3f8f5123975f8b1a362514e91a1dbf1b28238d67b383944fa5e97f35
etc1s.ktx2	3	0	2	144	5203b90bc5e7d598b6b3c3eba832bf95392f80cfe75237250f1d824f7f4bb68c
etc1s.ktx2	3	0	3	64	9d0682ee223681a852f6c83caa1bc20f5dfdf358b0187ea3d4140933b2310540
etc1s.ktx2	3	0	4	16	c68e42ae27614a664c1ababf238dfdfb2d58a91d2b68c44d6d5efc9b85913e75
etc1s.ktx2	3	0	5	16	9601243ab313628fd1d4494b7e2132b5614d010beebf11712f8df8556346522c
etc1s.ktx2	4	0	0	800	310eb62ccbd4e635a1ee55f25e759084cf9c5cb5de9730de9499dbcb27bb4e29
etc1s.ktx2	4	0	1	200	4622e10c8d853aeadf2a48ec914c6bc2a838eb938112141453d6d66f8f8837df
etc1s.ktx2	4	0	2	72	bd069850fb1b6bcecb0751e804e0a102e306112db02952e7182d61702b34d1a8
etc1s.ktx2	4	0	3	32	718420ec3361a319f0c4addcb071270beda140755192f5acc55427e5e011eb87
etc1s.ktx2	4	0	4	8	7d5dbed0d5ac6404b8d1c0be7ac8b417a94f1613052534eb278416bca590e271
etc1s.ktx2	4	0	5	8	0b9281c67c307aa57ee835d12d9cbce45707550927419189a7ccc4bbfae11610
etc1s.ktx2	5	0	0	1600	2daf03d33335140b9b76352fb20dc646aad025af0336e807a5f399b4909406ce
etc1s.ktx2	5	0	1	400	c5fcfaa35c5a8c36c44857181400c4acc12d5d7978246c31203bc0aa8fd21ce2
etc1s.ktx2	5	0	2	144	b0b7b8dde20ac08234e71fd01ada39fa01fb21c4c016f8bfb1bb6fbf3e834bdb
etc1s.ktx2	5	0	3	64	0fe266b479e41f346be174f05910538bb17866386b083e090af92a6c10e80090
etc1s.ktx2	5	0	4	16	f1f44174754fff3499ee1a0dc418d4dd80e3ecbb16087bd8bfa00b50c7958266
etc1s.ktx2	5	0	5	16	1b8786fa8e9fe6803c3f68c94ef552df2624b38b157c8ce8e198f27b9d7749b3
etc1s.ktx2	6	0	0	1600	5fd316a27dfa37d6150717b1e5efe234f75155b750bc22216268a82e82babef4
etc1s.ktx2	6	64	0	1600	2cfc55a510069b053d7fd1567efbe3918c6e40711aca7843a2c4a7ef085c2944
etc1s.ktx2	6	0	1	400	b78ac45aee7e8f4611e98b3c81844f97bc3e0be18b702bb3b7d0531adb46aa0e
etc1s.ktx2	6	64	1	400	db38cf3ee4130e23fcdbd386d17a67cf52431e1e8b3e6f76607c68b8af0e16ed
etc1s.ktx2	6	0	2	144	2f780d4a550f73a7733fdb5619e40bb3d5c547c9991ab9be359b9fcdf4836768
etc1s.ktx2	6	64	2	144	4735657068b7a1b4b9b0a7b9272577fbc1453a6423030bbfa27af80503f15f6a
etc1s.ktx2	6	0	3	64	7c5d238193c8559d1ac3b9f074d87aeae9398eda1b6c97d6350a49bff026f526
etc1s.ktx2	6	64	3	64	b93f4dc210915f0524e6f1b12978fb4ed7bcebdb9c82bcad236b0b53a50d0033
etc1s.ktx2	6	0	4	16	8d7dfba5c715ef2b621bbbbe015cff82fab6991b284bb10a6a672870746dcd3d
etc1s.ktx2	6	64	4	16	8d7dfba5c715ef2b621bbbbe015cff82fab6991b284bb10a6a672870746dcd3d
etc1s.ktx2	6	0	5	16	e565a957294b2110425f307f9b5203ddb2879e385a79e44a45e84cdeff8a3250
etc1s.ktx2	6	64	5	16	e565a957294b2110425f307f9b5203ddb2879e385a79e44a45e84cdeff8a3250
etc1s.ktx2	8	0	3	32	8ced67503aa4dc3c907d9ac297ab593547348b0abb8c0bf3ad2cbe97a8e4e429
etc1s.ktx2	8	0	4	8	435e159037834068b1e811db7b2eaae6916615e82f7bf4a1204015adcd050435
etc1s.ktx2	8	0	5	8	4f4761dd0d640e4017617444758d1614f62472117a800fd3a0ae0a20a9d0df5b
etc1s.ktx2	9	0	3	32	8ced67503aa4dc3c907d9ac297ab593547348b0abb8c0bf3ad2cbe97a8e4e429
etc1s.ktx2	9	0	4	8	435e159037834068b1e811db7b2eaae6916615e82f7bf4a1204015adcd050435
etc1s.ktx2	9	0	5	8	4f4761dd0d640e4017617444758d1614f62472117a800fd3a0ae0a20a9d0df5b
etc1s.ktx2	10	0	0	1600	087190f3b403db7c91e8729d33e9cb66b62abfff8f771e5974844be6575d3941
etc1s.ktx2	10	0	1	400	bf6a5adeda61aaf24d983cca31402786630c44b0e7b1a8416c6d1db8aa432d86
etc1s.ktx2	10	0	2	144	b5836d58fc34271d9b1eef239d7eb6481703cc5323bb2f559bd5f810ef599014
etc1s.ktx2	10	0	3	64	45b467d6c1ba44c79f657dd2db0bef50297794f22f670a03dda4cf2bd50e18a4
etc1s.ktx2	10	0	4	16	b64767d0e804fccdf72e1a94cdb56b397b38f29711a6b76d7a124455bd006178
etc1s.ktx2	10	0	5	16	02c9a22333f04824c2dcdd6cffaa4147ba08ad605ef02a2b2171684bd0c22ecf
etc1s.ktx2	11	0	0	800	76c04786388503b54782ff308c8cebff75d2115d08fa760971b44c3634fefcfe
etc1s.ktx2	11	0	1	200	7fd200508aaea4609f36697f14ce7601d0b2074e1b149829d10367f9748b2f15
etc1s.ktx2	11	0	2	72	50243190261fdd48cfdb85d782ff1cc9a8115f78457c2ac7341ab3958171f17c
etc1s.ktx2	11	0	3	32	4402259acc0ecb12d46ce364fa1f4302b524a0298a437f0cc0d163e3b294d1e3
etc1s.ktx2	11	0	4	8	347017dc53e3df9bba684d9223844700bb165f5a1763dc031a37a5f54a2b9965
etc1s.ktx2	11	0	5	8	bf7a3cdf03010d638cafe530fa11e3a6478080ee87a995b26ca6f7e9528b0630
etc1s.ktx2	12	0	0	1600	233867ff11ea0ea62cfadb73693ebd81f273cf9d783a522ffdb5ac4eab24cb1b
etc1s.ktx2	12	0	1	400	ef66474eca4b9ea15aaecce52e6d192b33f4e1e830589136da941c470abfa5b3
etc1s.ktx2	12	0	2	144	560e11cfc5018c9939790ec3f68e75466abcdefd5ae6f530af6ce0ea9e82b904
etc1s.ktx2	12	0	3	64	930823d81755d1c91164a842085d7d625f14266d4d7c81ae8176d5498da59fb1
etc1s.ktx2	12	0	4	16	d4c9f1d2de8959d5f1455b9ac5fe34201b48cc061259263fdf0333485adbf0bd
etc1s.ktx2	12	0	5	16	4429c874100d17a6f28f00a0a6ac14f482e2a40c91afa90e1a6597cf0afbad8b
etc1s.ktx2	13	0	0	6400	b492daacc6737893324398334075c09a481bfff432240a718fc615ca0cd625ec
etc1s.ktx2	13	0	1	1600	670285615a91fdbafb149ccde9f1cf94daccdf38da0cf13d194dd8c225e5a962
etc1s.ktx2	13	0	2	400	23c334391f3f37e735aa107bfc24afc446411ac615fb0d98ca4129b3a72df3e4
etc1s.ktx2	13	0	3	100	21325ae33beb0eac5654d0954fd50a57d708c700be7a5a6b85e50e1f0477b1cc
etc1s.ktx2	13	0	4	16	aeda09839b39ae9e9b21dc587b6a40a6c07d0ff49234a833d55b28007121426e
etc1s.ktx2	13	0	5	4	bc9bead41a147a1f4c1970c6a8f8c18de27a9d9145e0e77a28fad62cd3d67b9c
etc1s.ktx2	14	0	0	3200	0a38619cf2633886d68dbf18fc1919320a8d74aa64a1703d5e61db2ced7422ae
etc1s.ktx2	14	0	1	800	e28c0d04687af0cd9b9eb4daa3eb15fc62908f8dfbad04da6a49bbf720455f98
etc1s.ktx2	14	0	2	200	304de7eaac3492d5d5e6773699e16857bab41b568413a716db8f7103933a72c7
etc1s.ktx2	14	0	3	50	4c6479d23034ef5d325a9aea0ba433ed1679be7fdf0323e7fda24870a14a4271
etc1s.ktx2	14	0	4	8	781ee06bf9b56e8ef78a174fe31f151dda041c5322ab61070cbccdb80c264196
etc1s.ktx2	14	0	5	2	cc7c356c8711dd572800edf7c0d133a33065f315d0fc870d36175d3482d28959
etc1s.ktx2	15	0	0	3200	5e1ab9867e1ab1972b22ae92db1eb2a18e62bb41f5a0eb1d2bbd8222d76a4145
etc1s.ktx2	15	0	1	800	e2541828b74c59e419bc9ef85bff1694daa4136aa0ea1ab9ddfde5e4e75e961a
etc1s.ktx2	15	0	2	200	3e01087756f4041e99f9c44f4f0c8ae5ab25a131bb1d697c4f225c6376d8b1c2
etc1s.ktx2	15	0	3	50	e177fc6b74956c3d8787eaa7f6de80398d98977191312505f6bc03535ea847dd
etc1s.ktx2	15	0	4	8	cee9f03b8bb56b739359966ae8d726b07722ba23c19e75c6f36416926e0dba76
etc1s.ktx2	15	0	5	2	cd9901ddf79f7c4c4cadbbd9f6ad926ecdaffba63f047701403b8191fa06098f
etc1s.ktx2	16	0	0	3200	097855536461ded9e3b2f195c95cf26f6a1ed84f43683188c7ce6d18534ca2c6
etc1s.ktx2	16	0	1	800	2fb6f99d9835d6b3fb264676de4d965df87710aaadfd893db9e8080ebfb3ba99
etc1s.ktx2	16	0	2	200	c8f273fb45ab54f9a79988a8bb8ae9b0a489a8cbf1a745b277b14f365461905e
etc1s.ktx2	16	0	3	50	dd13607c25156eaf303494ed36693f2cfd286d34b1b2c18d89ec9ae9a05964a4
etc1s.ktx2	16	0	4	8	64005a794fbd7cd382f6ee3da7d23390ef99b30b4137d03ca98a307bb71ed668
etc1s.ktx2	16	0	5	2	21cfd92e6af55eac9d408437e7e23294ff015e0756c245f9ede41e6666f2d15a
etc1s.ktx2	17	0	0	1600	ee723bb861c35d85550852cfa092f4990c73321e49c9c7bf6b9185d29c4f587c
etc1s.ktx2	17	0	1	400	3e9e7ab402f407e95c6eb94cc53600fd725e2879b390ef1f96ffffcd24ac7164
etc1s.ktx2	17	0	2	144	1d541bc76054e8bbbc95a970c63faa6804acf0bc60440aa2391d4efd1ac0743b
etc1s.ktx2	17	0	3	64	3d9156635416f72df17a560b983d6c2458b9fd10ce6c471ccb684ef10a164747
etc1s.ktx2	17	0	4	16	047989b1aa3c9fec3b896fa7bb3cb50a54653bafbeafef7035e6506c4de5282c
etc1s.ktx2	17	0	5	16	294067916036ebd474d90030cbc0ab1ca4701a4b1d2205798603bf3ffc9d17ee
etc1s.ktx2	18	0	0	800	e43c1bfe0e612577d9eb474f61ad0646bb11421c861197a0d88467bbf025bbec
etc1s.ktx2	18	0	1	200	88d83f65ee729be8e969cccd85893a3de7cf63fab161c62ee83b0db38db1c909
etc1s.ktx2	18	0	2	72	3224f149d469c41d3077f02be9e07f82703f559edd1db2681dc28181da54547d
etc1s.ktx2	18	0	3	32	923ae0da185b01d15fd6dbed4b18c649e27754aea4609f354d01361554a536b0
etc1s.ktx2	18	0	4	8	435e159037834068b1e811db7b2eaae6916615e82f7bf4a1204015adcd050435
etc1s.ktx2	18	0	5	8	bf881dcc18ce296b71d1aa002566e06931188140d4e151b872cbffb69bacbd02
etc1s.ktx2	19	0	0	800	e43c1bfe0e612577d9eb474f61ad0646bb11421c861197a0d88467bbf025bbec
etc1s.ktx2	19	0	1	200	88d83f65ee729be8e969cccd85893a3de7cf63fab161c62ee83b0db38db1c909
etc1s.ktx2	19	0	2	72	3224f149d469c41d3077f02be9e07f82703f559edd1db2681dc28181da54547d
etc1s.ktx2	19	0	3	32	923ae0da185b01d15fd6dbed4b18c649e27754aea4609f354d01361554a536b0
etc1s.ktx2	19	0	4	8	435e159037834068b1e811db7b2eaae6916615e82f7bf4a1204015adcd050435
etc1s.ktx2	19	0	5	8	bf881dcc18ce296b71d1aa002566e06931188140d4e151b872cbffb69bacbd02
etc1s.ktx2	20	0	0	800	c3402b6dd2be704d25d580355df58fd72a9d4b7f0456110350af0ca6e04c2e00
etc1s.ktx2	20	0	1	200	44d9734f92ff6664e2ede6d044cbe2eb702d24a70c2ebbebe000545751c0649b
etc1s.ktx2	20	0	2	72	00fcedc0f00b245291a8d4a7f39d14bb60007f5459f126f1c15474983f3f5e95
etc1s.ktx2	20	0	3	32	4130add78f3fb4bde7719ac2279432d6e4c65328cda66e30a7477374fb424e1c
etc1s.ktx2	20	0	4	8	537e457253bd1da8bae9657aa7cd0fdbab405480b4692f4ea54d76839b2a6eb5
etc1s.ktx2	20	0	5	8	31d4b735c3e15c63188f0961132540f8d2f8f42c89fe05d6ea48b27e750f4df5
etc1s.ktx2	21	0	0	1600	51231b883e5c3fd731afdcc484529decca45709546a1d1e01f0c2c394e399b9a
etc1s.ktx2	21	0	1	400	8a80dc64edab581b18dbbd81a532abeb4d6187679c1e20eb4a54f70d2aac70c9
etc1s.ktx2	21	0	2	144	9014c121189b4cf9da47c373a3dea33c2442885160524ea0f10f7e91e20619f0
etc1s.ktx2	21	0	3	64	24bc0aecc84afa395bb6f25643a3baf350a581f7d7ab5a73d304924b85242bc1
etc1s.ktx2	21	0	4	16	df1c3ccfa3b79e4cd221ef2b97219212db27ab76e8a57fd36c01c3183985b690
etc1s.ktx2	21	0	5	16	e2a91b7efbf797a0be99b02b472c5449799e506632b1f537fae36a60b19ad4b4
etc1s_alpha.ktx2	0	0	0	2097152	66892182960d8c96e70d8b2ecfaca75c175b6ec9e19bb5aa855a0b2bdbd3786c
etc1s_alpha.ktx2	0	0	1	524288	6acbbd083ec94ffcdd1b029f64249e22e79d66353a63ea84c04b96968fd1132f
etc1s_alpha.ktx2	0	0	2	131072	d020d80f8dccfe8403701951f035fb80bf19ff2380e0e77d5d0cb5487dbcedbc
etc1s_alpha.ktx2	0	0	3	32768	b7f686bc00c8ee216062e13bc3491fec47d7365f151d1df787872273f755fc7c
etc1s_alpha.ktx2	0	0	4	8192	206f54b20c854117bd4a80706417e71a236ddacca7e543ddc6a0b1f73b8bfa3c
etc1s_alpha.ktx2	0	0	5	2048	de104bda62905e37da5ffe6771102092de31d6ccbe0515bae39c1b7bbdaad921
etc1s_alpha.ktx2	0	0	6	512	2e11daf3e849b17524513b54c6530dcac8d3cbfaf93659133ef41036474bad4e
etc1s_alpha.ktx2	0	0	7	128	fdeefb6b475160b9af300c6bdb7ed3c8f143979f8deb83c4546c35bfd77a67bd
etc1s_alpha.ktx2	0	0	8	32	2d5d1ab4a221fa11bf50571447f1dde325b7e9abd4c941b3f0b9ef0241ec4d87
etc1s_alpha.ktx2	0	0	9	8	1fda982975a74a60b0bfc01ae5d47be50d030f02f09d79007f5145ce2e7f5722
etc1s_alpha.ktx2	0	0	10	8	ecbb1fef7bc5960e2392dea583dc70a8e2a420afdfbd0144644a19990004fccb
etc1s_alpha.ktx2	0	0	11	8	5a698c8eef9bb80d2c0f14ee264ba67f39b3c5856f74a362a7635e85e2cce22a
etc1s_alpha.ktx2	1	0	0	4194304	5285bafdde0cb703756bbfd074b54ce1db129731c51bcdd774ec024412cd2de4
etc1s_alpha.ktx2	1	0	1	1048576	49cfce7e05e196634ef1b6c22df03e48573a9dbd0510034e7c0cf520ae4dd539
etc1s_alpha.ktx2	1	0	2	262144	706189f20e4e21dd2889334d2f340e64caeb95368c7e7742fb64cdc5463fabf4
etc1s_alpha.ktx2	1	0	3	65536	667fd78ac2a79376910b35385a701a4a635f90a7bb13c9eb414585dbda1c0d55
etc1s_alpha.ktx2	1	0	4	16384	6161dc6bf0ac8bcbaf677162221da59f2238a29cdd0670a266d06c613e067135
etc1s_alpha.ktx2	1	0	5	4096	c8521358b5808fbde7dffccb98e8d14379868b82600931ac6beff0278d61457a
etc1s_alpha.ktx2	1	0	6	1024	f375d08d83efc23a18b2cc511c61007f7e661d8bb03273133233b72c331ed0a8
etc1s_alpha.ktx2	1	0	7	256	51af0549086ef5b0772610db98083618c0a4e2dffbdadd559abd1216fbbcce2e
etc1s_alpha.ktx2	1	0	8	64	53167e1a6319e112e56665cbd88d07387668943039aeae5a0c865282cee2a21a
etc1s_alpha.ktx2	1	0	9	16	0037db972cc2f68eec52349e0543b6732f1ccd02a0a300a62a6a1011a85aeec7
etc1s_alpha.ktx2	1	0	10	16	7eba4817101a881049fc20582a7a42af308487e8319a4fdb91ab961f1758de99
etc1s_alpha.ktx2	1	0	11	16	64d68e4878b53c6211f66b94aa61ee0acb6eb7cf30c3a1156b2e2ec234ed8149
etc1s_alpha.ktx2	2	0	0	2097152	cf54da422a6c53f54e8b4fbb96f475bfa0f17e4f31bbad185c0910426f07084e
etc1s_alpha.ktx2	2	0	1	524288	fd4c0907a06a205f30d71f71b566857c775dc1bc0e3596e1ac725691aa452566
etc1s_alpha.ktx2	2	0	2	131072	9985e416c229c9cd397921fec3b15dcf27df0b759bd2787b9b62a5dd02e5192b
etc1s_alpha.ktx2	2	0	3	32768	f53fe757a38c4491b1bffd03863ee140e8dd36b41cf34987da3770ba198641c8
etc1s_alpha.ktx2	2	0	4	8192	5069664020c3a718e902d3e545bfa28ad723d20402a5153d8d94eccfac4ef4f9
etc1s_alpha.ktx2	2	0	5	2048	2ad59f88697dda2b68bddc272d38ad7984610160b6601fcc9d79fcd3040e7fe5
etc1s_alpha.ktx2	2	0	6	512	99f4372054fd80239b144ca1eae1612e7a22c408a6ffef938001b4611d0358f0
etc1s_alpha.ktx2	2	0	7	128	55cf18292ad65155c259cfb0bf5441fc9861f064bd4a9cabf0dc2ad825ebabc6
etc1s_alpha.ktx2	2	0	8	32	05dbd61b835233d5e1b835f6de69b4a27512e6d7076966bf49c14b0cf5d63d9a
etc1s_alpha.ktx2	2	0	9	8	bad50b9a41e4321e8a9b02109d80ec70936ae33e7a9507f3625b1936a5f42df2
etc1s_alpha.ktx2	2	0	10	8	87a8913a4765515f54f65c74bfb3da38406dff33a9f79b316ca241d3709e482f
etc1s_alpha.ktx2	2	0	11	8	0f50d6186d63360e725798673903fb2f28c9e38b492c87dfff7fe9913cbc9fdf
etc1s_alpha.ktx2	3	0	0	4194304	b714b342aba8e500a97972414647a7ba771cfdac3657b986ee24e2d4a86fe16a
etc1s_alpha.ktx2	3	0	1	1048576	1af1938c5250edf0c732bad85c0a156bea6de7c148afd18ae47e050533f0a3bc
etc1s_alpha.ktx2	3	0	2	262144	519ad0164458f1c3d1ec44f17ef12c73f27a47d0c2fb5f387191aee1ce92a586
etc1s_alpha.ktx2	3	0	3	65536	8a62228228ce5472dd7f123388b12393c0fbbd7757e1b6da38650e35ad9c7cf7
etc1s_alpha.ktx2	3	0	4	16384	fcb3fab68bd598554ea3d1befa7f20aad640a39b4d6631bd11523a9c1325fa59
etc1s_alpha.ktx2	3	0	5	4096	9fe61f0557bced389b772d200fdf04bbf8bf4b96c4923224354c104dba8b00f9
etc1s_alpha.ktx2	3	0	6	1024	b2218f0e944a7c4f515e763ff7655d407dfc0d293e0352a8d0fc01416e8c6552
etc1s_alpha.ktx2	3	0	7	256	35bf27e259d4e1064e2324492ea45b2fca3a25be9f7b0874072b7dfaa3b64216
etc1s_alpha.ktx2	3	0	8	64	f09d0673bf03e9de64cb2004a55341cef83ac953fcde90c78a68bf30553156ed
etc1s_alpha.ktx2	3	0	9	16	c3589222f66555c2c2069c4337a556b280e8ebcd94f8fc99814c8f13e7674712
etc1s_alpha.ktx2	3	0	10	16	94ca63803eacc2c0230db501f623238bafe50728d1e9e0a8102548192ff96707
etc1s_alpha.ktx2	3	0	11	16	631d8130982bd7223ae72c1175d98a89221304ab19d832ac349d8e16d2a94572
etc1s_alpha.ktx2	4	0	0	2097152	ded6af6c5fd111c0c8a8b70c544ff8e7610c60d4f473d61cd4e6826c65ae19e4
etc1s_alpha.ktx2	4	0	1	524288	9d6859a599ac39b9356e65c7a91829c651bb0b4d5f0bd559c2eea12cbbcf412e
etc1s_alpha.ktx2	4	0	2	131072	9d584aa1379ed051893532fcfa207e14e80e584ac002cf315c7051a3b2e91f62
etc1s_alpha.ktx2	4	0	3	32768	bb6bd1a1e5d80f29bbf29926bdc6bd4193c8e21636cf9bf80c5ae1efb9f26ece
etc1s_alpha.ktx2	4	0	4	8192	41fd30fba82a382ecfc2e7cc82e5259ce5c209dd46e1293c7554d8b5945547f7
etc1s_alpha.ktx2	4	0	5	2048	e919bd3e8b8614fe9ed6e5cf1d78934508651b5387bc7b5000638ae4e1622a23
etc1s_alpha.ktx2	4	0	6	512	a959808d21102fd2b2249b594889a38b4ffcea88d6d182175d6b6630bb36a137
etc1s_alpha.ktx2	4	0	7	128	5b6bee6448465ee09db0f11dd0af8343daf9b0533a98d4ce8606fbd073c24cf1
etc1s_alpha.ktx2	4	0	8	32	3cd676008d4062217374e30ffefe75476eee602bc71da4393dc50b8d0590a3af
etc1s_alpha.ktx2	4	0	9	8	8636bf81b53cad36bcdc84d542f311c0447004e9ab630b751bf1333b8fd6cf25
etc1s_alpha.ktx2	4	0	10	8	727f58fd676b8444db5d3e3b9e8dde54f85155c82d28b74d54d82cbace399950
etc1s_alpha.ktx2	4	0	11	8	5a9763b6310ed18f61bdf8ec5f9bc2fcd2881bd948c669bc6cc4885059ebf256
etc1s_alpha.ktx2	5	0	0	4194304	f56b9c256ab5f5ebd8a8e5b688f42ac7e51b1ac51f7c170d543ff94c0ab5c7d0
etc1s_alpha.ktx2	5	0	1	1048576	6f0f9c6ab50915a8ac42773458c6cae4df9dfd660b90f995aff9a7ba3bb73353
etc1s_alpha.ktx2	5	0	2	262144	fc79d5d746a02cba8925a43395ff241a81d93aa6dfaf36182d93e33dfd5bc666
etc1s_alpha.ktx2	5	0	3	65536	45e4adc0d527f01372de597c28ee605d8c8765024ee232bfffb66cfc8b59afe4
etc1s_alpha.ktx2	5	0	4	16384	775b1a727462fe096b10949d3b40c1186f5109f8107002c5a8fb15f63887c341
etc1s_alpha.ktx2	5	0	5	4096	7c0f0c5bd1b80b488e08ddfeeb33d6c148c8d6d7730f7a266a5fa76252f5c24d
etc1s_alpha.ktx2	5	0	6	1024	860fe0acf8c5709af8dd560b493d087c09e3a9ae205f41f5c0dda1627e23c6e1
etc1s_alpha.ktx2	5	0	7	256	bfe857d0c7dbc8b2463745a6e0465bfc517aa0ec7b7c7fb525ac2ff91312a538
etc1s_alpha.ktx2	5	0	8	64	c6b962f60661b8eefcb1f5a40d2fe9d06f06dda08e2c3755935269ac7d714ba4
etc1s_alpha.ktx2	5	0	9	16	53ab935aac5d2338ca72c25a1745d0ebfce1b513583ae0bdb839ebb0a62a0643
etc1s_alpha.ktx2	5	0	10	16	f6632674b5a8956a87ec25092561dfb048de5e701040a27e559b28e94ec3dc12
etc1s_alpha.ktx2	5	0	11	16	1bf7c91cb81aeb2bc5bc8b2095e0c90ab14791000e3900f81e8180fd2fec252b
etc1s_alpha.ktx2	6	0	0	4194304	dc37a39f22ddf399960d912b76a340746caaf9f45b20b0c95f47608abd272afc
etc1s_alpha.ktx2	6	64	0	4194304	3bd671df9676c29c956bf8456808e6a8b0e9a084fb230cf93392580b5f174e8c
etc1s_alpha.ktx2	6	0	1	1048576	f6a6af61d6ea48c4ea4e7a9cb4c5b773ee7e385c8b754130558ecb348eeb4216
etc1s_alpha.ktx2	6	64	1	1048576	8fbb0df6e5aabc58412a2101a9537528f3de5c30ff840504d3788692df194877
etc1s_alpha.ktx2	6	0	2	262144	c60238e560568d2e62a2eecf7c1d07d0cba0dbea119de6a9f47862cc65bb533d
etc1s_alpha.ktx2	6	64	2	262144	a28aa644cd3e2cf7640e9385d65c8c9b7f9841bedb561ed08dcc6b7d888cc08a
etc1s_alpha.ktx2	6	0	3	65536	2a2dca4a35f35fd8175a29e7ff647dfcccb3cc10780ca0191edc2c9853a2fd2d
etc1s_alpha.ktx2	6	64	3	65536	9b26a96c9bd1de1bca91d48d76d60fc181370162c015b54ecd9c6deb67fd1ace
etc1s_alpha.ktx2	6	0	4	16384	937449e7c293563f840e2dad8302540757a8f9b1acdcedc16839ce3c1d4a9724
etc1s_alpha.ktx2	6	64	4	16384	81c5ef48205a734a3bb91c0d36ba73f8d1c8af3ae71bd149e57a527f2738864b
etc1s_alpha.ktx2	6	0	5	4096	db89bb835e234f72b2018253157d26c2273a82a5d15a7e0c832f22a28f04899a
etc1s_alpha.ktx2	6	64	5	4096	7313395eded6862e823dcd2d0f56ffaade5af282188d761f97786b053c4226f7
etc1s_alpha.ktx2	6	0	6	1024	91901e6865599749830a3511ad4e656431c8b1c7340c4c89cb9587b6b042df1e
etc1s_alpha.ktx2	6	64	6	1024	45c7a463eb7a65850348a3052d21ced8018ada9642de229427373743134ae612
etc1s_alpha.ktx2	6	0	7	256	bec74a86d6f0cfa80676e22d053361e05772b11b395459f0de67110d4ae20042
etc1s_alpha.ktx2	6	64	7	256	778fe53fd950bb74c64029c690bee3d62e80893a604c17ee3cf7c0624396698b
etc1s_alpha.ktx2	6	0	8	64	7c67bf89187e23c8424a00b5a1eb8b0ca7a54076689a4e042e0145721e0ff0d2
etc1s_alpha.ktx2	6	64	8	64	7c67bf89187e23c8424a00b5a1eb8b0ca7a54076689a4e042e0145721e0ff0d2
etc1s_alpha.ktx2	6	0	9	16	1f0989d2c9db516c520313467d7f46e176b9c5c52d9f9b6d34e5dd9ad817195b
etc1s_alpha.ktx2	6	64	9	16	1f0989d2c9db516c520313467d7f46e176b9c5c52d9f9b6d34e5dd9ad817195b
etc1s_alpha.ktx2	6	0	10	16	91ac3155605cc976c5d42395910e5343d05cd665787a5fcc40278aad255fe0e9
etc1s_alpha.ktx2	6	64	10	16	91ac3155605cc976c5d42395910e5343d05cd665787a5fcc40278aad255fe0e9
etc1s_alpha.ktx2	6	0	11	16	96dcd01b1dfb792d9be8200854d404ce35af573ec4bc23297def0301cedb3976
etc1s_alpha.ktx2	6	64	11	16	96dcd01b1dfb792d9be8200854d404ce35af573ec4bc23297def0301cedb3976
etc1s_alpha.ktx2	8	0	0	2097152	38ae6a1b4452f968d1c5b1d47560fccf5a9f828364c25a4120f95e43bca46c15
etc1s_alpha.ktx2	8	0	1	524288	6bdc6d08502e41c415d9a7467cda327b52db290b57ce189105823caa7c5df6c7
etc1s_alpha.ktx2	8	0	2	131072	fc5971a40371de3e6e7e0a9bf0dee99f0b77c6dc606036cd1a134d34d5d42f87
etc1s_alpha.ktx2	8	0	3	32768	ef3b905a507c6f77d4177510b3c1da9c0e16a777e3e0321dc9f57d666d84185e
etc1s_alpha.ktx2	8	0	4	8192	d4159dfde1aa0a16e03a887a3ce94bc78d743cfa5c38e814c853ea311aca181e
etc1s_alpha.ktx2	8	0	5	2048	a286fbc37b366b10e1e903e8e364968f2fac80e4a3cf357d9e26c039ef1682cf
etc1s_alpha.ktx2	8	0	6	512	1f2734f31d32e1c75acafcc17aea429b13c685a5a590499bfe56a3deb270162d
etc1s_alpha.ktx2	8	0	7	128	b0b2cff1ed5a0175da314b99179fa274a056102d4fdb317a62457e2ff92921b5
etc1s_alpha.ktx2	8	0	8	32	c58916b18a9f6ec73ac0385687f7ed5d91e561dd7493923f46ed8b332bcc60f8
etc1s_alpha.ktx2	8	0	9	8	4870336cf4143c78bd1f4e6c05b45cf535328701d3e4222b2f61f9df4fcb42d6
etc1s_alpha.ktx2	8	0	10	8	e764142dca7868a2104df5883b3a2f423e73e1a8c84512c62e87bad5b354807f
etc1s_alpha.ktx2	8	0	11	8	97c9908466c278acbb0777e359b506a735587c14d99e02439afbbac3592c99f3
etc1s_alpha.ktx2	9	0	0	2097152	38ae6a1b4452f968d1c5b1d47560fccf5a9f828364c25a4120f95e43bca46c15
etc1s_alpha.ktx2	9	0	1	524288	6bdc6d08502e41c415d9a7467cda327b52db290b57ce189105823caa7c5df6c7
etc1s_alpha.ktx2	9	0	2	131072	fc5971a40371de3e6e7e0a9bf0dee99f0b77c6dc606036cd1a134d34d5d42f87
etc1s_alpha.ktx2	9	0	3	32768	ef3b905a507c6f77d4177510b3c1da9c0e16a777e3e0321dc9f57d666d84185e
etc1s_alpha.ktx2	9	0	4	8192	d4159dfde1aa0a16e03a887a3ce94bc78d743cfa5c38e814c853ea311aca181e
etc1s_alpha.ktx2	9	0	5	2048	a286fbc37b366b10e1e903e8e364968f2fac80e4a3cf357d9e26c039ef1682cf
etc1s_alpha.ktx2	9	0	6	512	1f2734f31d32e1c75acafcc17aea429b13c685a5a590499bfe56a3deb270162d
etc1s_alpha.ktx2	9	0	7	128	b0b2cff1ed5a0175da314b99179fa274a056102d4fdb317a62457e2ff92921b5
etc1s_alpha.ktx2	9	0	8	32	c58916b18a9f6ec73ac0385687f7ed5d91e561dd7493923f46ed8b332bcc60f8
etc1s_alpha.ktx2	9	0	9	8	4870336cf4143c78bd1f4e6c05b45cf535328701d3e4222b2f61f9df4fcb42d6
etc1s_alpha.ktx2	9	0	10	8	e764142dca7868a2104df5883b3a2f423e73e1a8c84512c62e87bad5b354807f
etc1s_alpha.ktx2	9	0	11	8	97c9908466c278acbb0777e359b506a735587c14d99e02439afbbac3592c99f3
etc1s_alpha.ktx2	10	0	0	4194304	6c239961afcf1790ae9a0d678d2ef0c7e6df3ad7c3c688beef3b69742ee58542
etc1s_alpha.ktx2	10	0	1	1048576	b27b77ca74c29a007ce27b9c4699e7485585e79fabe6a24371ec5b6e658a349b
etc1s_alpha.ktx2	10	0	2	262144	1b05e4d21c65af72830f25e412c782ea7dd4a2dfbaa292b267dbe69672208608
etc1s_alpha.ktx2	10	0	3	65536	7c0c4e1749c405e7b3d6f1a7224356a38daf2e35c2c00b68344804759760aa26
etc1s_alpha.ktx2	10	0	4	16384	9df6644c88b9d17e4552bddf943727ef414268ecbe4726cfacaf555261788cb1
etc1s_alpha.ktx2	10	0	5	4096	818c5853ef0546f21d692b6a7bd6013ccb8952eae823324f681ed536579f1e1b
etc1s_alpha.ktx2	10	0	6	1024	12d701d0dd14616c90848d1d8dac929627284e9bb249ecaebacd39604cb9fb75
etc1s_alpha.ktx2	10	0	7	256	5c35b9778c307a73bc3f7a7b679e4279141e1ee044b080a8c4617058d7793f3e
etc1s_alpha.ktx2	10	0	8	64	a62e4b2cd243b8f8fec108b059d3aad4c34af2246243c1325afda97143fe1fd9
etc1s_alpha.ktx2	10	0	9	16	3702c6847bfe1e546ebb5a1bdd994248828eed3d408134a4e2e4c516ae97b625
etc1s_alpha.ktx2	10	0	10	16	c67f92f348f7a1c30cd6727b1e42bab90e566cbb4fd00b86604b7fb5be31e865
etc1s_alpha.ktx2	10	0	11	16	8d005de093555196258104f61dbf4c3f1fb8c08d85dc512f0c0d43bb05712a66
etc1s_alpha.ktx2	11	0	0	2097152	25c6ffc84eacae20478ca6f0375e70004589c2a4d05ef8e1854d81f09c0ff64f
etc1s_alpha.ktx2	11	0	1	524288	93423d63735dbba9767f823313d41a77517d05673306a283a2eac8d06ef0ca50
etc1s_alpha.ktx2	11	0	2	131072	81d7baca4512eb427616fabcad52b4e132fc3a4d6be905b501db0c1fd71bc1fe
etc1s_alpha.ktx2	11	0	3	32768	7b8f04d4d1cdf9740d06d573cf10d5204d843be5a7864423fec7df21d34cc8c9
etc1s_alpha.ktx2	11	0	4	8192	dd39ebd678c3c7a53d0128e8a11b01d5a41d276af7d3f2ad751c534ba22e7e4d
etc1s_alpha.ktx2	11	0	5	2048	a3a15a08b437a472d34066d911a1b7197888dae71862175249b413494042a7ca
etc1s_alpha.ktx2	11	0	6	512	7bcbe30d1d3898d2983b1c0149b66957736a28d0a5a716252165183fe462789b
etc1s_alpha.ktx2	11	0	7	128	392c629f6207547bae936ecb9b964cc47701ee713f0d172faa88b6df28915a87
etc1s_alpha.ktx2	11	0	8	32	382a32f28fa18e4c6c416d360eb7c8c321d242fa3d284e0d6c9b78e7cdb43011
etc1s_alpha.ktx2	11	0	9	8	9f8c63cfa0f688cadbf62a01b6ef96fe8b7700b0f4370bc1e2aacb3ad02c052f
etc1s_alpha.ktx2	11	0	10	8	e931cbc7abb964f82a7569a6bc61aa819c3d53d1037ceab632d0dc414f2548c1
etc1s_alpha.ktx2	11	0	11	8	975720f0f556f4580c0b8fccc65729a41bbf596be50378d754a7a38e56484ed0
etc1s_alpha.ktx2	12	0	0	4194304	295f977d60be509f1cde23bed05f38cd9957f42cbbad998ad267a2cee9502c01
etc1s_alpha.ktx2	12	0	1	1048576	7f95cfa14377bfda671fdb8c7b68c1634721f10d9b8eeb047c7d37825b0eebe3
etc1s_alpha.ktx2	12	0	2	262144	297b1147ca989b95b70310b8b045e3e8dce65530a7e3e2e494372ea9ffa182f1
etc1s_alpha.ktx2	12	0	3	65536	886e21ed8998607d697b76061121a6f8bd0386685e3da886d8423b4bfa18a57e
etc1s_alpha.ktx2	12	0	4	16384	52156b6aa161998ee80e3fbe7092f36cc70455880a4b8a43941931a8fd074961
etc1s_alpha.ktx2	12	0	5	4096	9497bd0aa7d0e4b004836a13a2480e9cc8ba195b8dbd47db576decd922d727c1
etc1s_alpha.ktx2	12	0	6	1024	c593502ba772fa254aef955b940a06291c97ac163857d96a0a5791b2991e6584
etc1s_alpha.ktx2	12	0	7	256	140db83013ccb29e3a58a1348991e333bd7f8fb96623f238189018d3dc7e1b5f
etc1s_alpha.ktx2	12	0	8	64	fd0cd10952476157dc38f0069b555e3058e3331a7897756c821ea74de505a299
etc1s_alpha.ktx2	12	0	9	16	a30557f61fddd8064524bd6c4be0421da23d4857d6aa0f84cf3b99bff6f11937
etc1s_alpha.ktx2	12	0	10	16	df291ef6fc7f7d8126b63fa26594fe211b6a1022ede80be9192284ccc68767fd
etc1s_alpha.ktx2	12	0	11	16	17104b9757e2fecee015a7c020319a421df946909bc7a33c6658f136d1ea3302
etc1s_alpha.ktx2	13	0	0	16777216	5b1dd22f2c9d0a2be50af3ca045ef628428d32ebd47cc2fa089fa3aa1b8d1764
etc1s_alpha.ktx2	13	0	1	4194304	d23572d54889b957ffe2e32f055d08b219116dd4bf695f6776339c791a78144d
etc1s_alpha.ktx2	13	0	2	1048576	dda0b07f34090728dc6bc7a854d540ada16660397837b0e0fbc7eacff5878891
etc1s_alpha.ktx2	13	0	3	262144	f23a0f0f9641419674edcf28e12d5a0d3ac3ef96ed42212d2242e1b76e524cd2
etc1s_alpha.ktx2	13	0	4	65536	3db8ff7617d0b0a4bf2f751d7fd42d64635cf4d2147b684703e487fcfc89c79d
etc1s_alpha.ktx2	13	0	5	16384	c8a1807a8b531dc886215504bcbe7cf61df1796d9fc995d5ebabc5ddf263b360
etc1s_alpha.ktx2	13	0	6	4096	74d03446cf503daebc468f4631b5e87010568639f720c8ce908b3f6b75385fd5
etc1s_alpha.ktx2	13	0	7	1024	8bd7fe0982176d96c13b4d06623042429c40939b9f80e7c0f522748c090ca521
etc1s_alpha.ktx2	13	0	8	256	a5f917cd92394665d12e010b76cc11cba0ee095c3e7978f373462058d622f914
etc1s_alpha.ktx2	13	0	9	64	3efab62d38ef630a6891533b57679677cb5b33098a0cc1eba39d5816f2b68659
etc1s_alpha.ktx2	13	0	10	16	a7a2d1103060bf027d6f1a7be17a03d799944eb527f51e900b2ae61706393c1e
etc1s_alpha.ktx2	13	0	11	4	044d12f455ad5a6ff2e8bfd2c6b88e4eb343d76eadc29cbec75837e412afed35
etc1s_alpha.ktx2	14	0	0	8388608	04b22a964d3ea2fcf017cc6117a4574172fd0fee0f29ec795c6ad5dcffc47397
etc1s_alpha.ktx2	14	0	1	2097152	0a579e69f3b0a8c659602276fd8e1b1cbcde64e469675d218d7e0ea2744a8432
etc1s_alpha.ktx2	14	0	2	524288	3498d1e2705fa68c406d77f20be77a6aa3771a809056e89c700c86f28fcaf0ce
etc1s_alpha.ktx2	14	0	3	131072	745ae900c11d903bb95d80d4f01b7ffdc8a9a9e53b47052b9d47ca36b4ff5ddd
etc1s_alpha.ktx2	14	0	4	32768	df96ceac1d1563772aa18e7e60d648238318bebca7414dbfbf51d06cedd805e0
etc1s_alpha.ktx2	14	0	5	8192	ac50e339855656ea1a54e627a7ce2d470e6bfcdc20c88684cdef53c3465f349a
etc1s_alpha.ktx2	14	0	6	2048	f5619fb40cae5d55d50e4c3d7808563eeb48431a980bb99011702cbee05ed96c
etc1s_alpha.ktx2	14	0	7	512	301a1110e8306ed3cdfbfabb9732a1ebd253ceab0c03ce33b9fe55da4ce67ba9
etc1s_alpha.ktx2	14	0	8	128	256e21006602d5254e4e632f945891610c28e679c9d3e8193cb822edc67fb580
etc1s_alpha.ktx2	14	0	9	32	91d73537399a7a3917f60cce8c79814732fd459544ef91627d67ae2d0607336a
etc1s_alpha.ktx2	14	0	10	8	73dd31f5220df65513a2c141ee6a087a7579a6a1283609140894858e02dabd8f
etc1s_alpha.ktx2	14	0	11	2	3e3703e107766f7998868f5d61e90170f3df1a496e72ccab9e43b797f4e59043
etc1s_alpha.ktx2	15	0	0	8388608	35e6586333c74dadeab4fa2b953d07e351a737e64488578f30bceffb7b68a02b
etc1s_alpha.ktx2	15	0	1	2097152	5596da9212bebdd32d8732e361db9ec170b20434926c4c927a559fc4a73204a1
etc1s_alpha.ktx2	15	0	2	524288	eec4b274810dcd52ea015a3daa63807a29cc1c81182b8d11d5cc2257a002fd67
etc1s_alpha.ktx2	15	0	3	131072	47cba10c1d6dc30f9263939dbbb6d8ec949ff7f2308a62e9f66a4955a72a7231
etc1s_alpha.ktx2	15	0	4	32768	df1b292dca700d270296b6a879c5e8743f7e80961919ee2ae9a5f21654fa55af
etc1s_alpha.ktx2	15	0	5	8192	cb996016d0c07e91d1902dd09e5adb13ebe3952e3d6062ff5e702f6206aa8f13
etc1s_alpha.ktx2	15	0	6	2048	0fcefe991fca7c86920f868b772bab51eb16173f5c4e8400624e7fb96b879555
etc1s_alpha.ktx2	15	0	7	512	3a2e325271c94720bbe3b63dcc3f4a602b27c31761228dbbaa8a69766efec67b
etc1s_alpha.ktx2	15	0	8	128	f9e1d595634e084991b4506978737ba3436f84725e95f20061e1b1aaeec09ee2
etc1s_alpha.ktx2	15	0	9	32	3e2c5330fec0c772752534c344552fdb9af7bf87b351b899a403b64b33341180
etc1s_alpha.ktx2	15	0	10	8	4b716f3dca50b75b113873efa13d9af73ecaaa5fe0aa310873c674bd15455076
etc1s_alpha.ktx2	15	0	11	2	f04f8785d2447be7edae52841f080d4bb3850a74e67f0b719aaf8935e4d3701f
etc1s_alpha.ktx2	16	0	0	8388608	05734f7f2a776f8c7952488d879c45f175d6d97380d5a48015ec86758e1350b3
etc1s_alpha.ktx2	16	0	1	2097152	ddf1d81da5c1b1b46558fa32cc99d446f37926150db613a9ea7be8f06e0227de
etc1s_alpha.ktx2	16	0	2	524288	05e3a8bd4d8d53472d0aee04248cd5374080606d7b268b862b08be01fde5cd20
etc1s_alpha.ktx2	16	0	3	131072	d8d9b9440c54eec07c2956a14e9ddc944306140e03f5f10f07b9d2ab8b96be25
etc1s_alpha.ktx2	16	0	4	32768	ec614f225b00cc4a172f4b89a93f4976a55b87961cc28fd015b3affb483da136
etc1s_alpha.ktx2	16	0	5	8192	69475d43358f52031fad718e353000f8e2a7cc66b72b7edf6731395e58649232
etc1s_alpha.ktx2	16	0	6	2048	427def2de093d6565a792cd6fb2b98c3cd8329a52525f0fda5ac90141e30d84d
etc1s_alpha.ktx2	16	0	7	512	32b4f4f42651fc26bdff2eb4e292c21a0b009005eb991b7532d07bdcbdd0d117
etc1s_alpha.ktx2	16	0	8	128	2f0d3e1f61bccf9486c11f68438ec19adc9ffd365038cf766ac885115e1386bd
etc1s_alpha.ktx2	16	0	9	32	57b62e9d2d03070d0c93b5db0cecf1aeb82369b9e72d6b3ae5d0770884b93c3a
etc1s_alpha.ktx2	16	0	10	8	f0b929003097584ce905d4af5187edd41244912e89b8729e37c1bfd915b651cc
etc1s_alpha.ktx2	16	0	11	2	887c487fb93cc6ec3c783987aa1d67d57b90e0fed1073963a1e10b34f69b01f4
etc1s_alpha.ktx2	17	0	0	4194304	171968d8ee41100ad6ebc824d0dd4eac6cc44cc1940ade7d71b95c53298794f6
etc1s_alpha.ktx2	17	0	1	1048576	d69dbe92c8218576508d9deecb310059028eb746b02117b0cb499688dcec3442
etc1s_alpha.ktx2	17	0	2	262144	0a62afce1f421e784a29a529460d8778757d07ae5b8c8d2fe9860e575779195f
etc1s_alpha.ktx2	17	0	3	65536	fa9b92cd69275be6f46ebf77bca3bd19b1d100d5968b3b8fe211b6b1c2d209c3
etc1s_alpha.ktx2	17	0	4	16384	d3f8202a78e186327bfa958700cfd3ac8df48aca5b517e998d5e9dde75021089
etc1s_alpha.ktx2	17	0	5	4096	444f680a6979b8d9f14ac78b9bf9bab8aa9a44854199de381cfbe28d344a2e0b
etc1s_alpha.ktx2	17	0	6	1024	1c1280f3701a5ba3fae242e92b72228711b8cd7ad4e9212f1bc7649aa3191808
etc1s_alpha.ktx2	17	0	7	256	6e52ed1c5102c057f81ba1b20aedd4526b562a233f7d4a753d1be8e912dc9093
etc1s_alpha.ktx2	17	0	8	64	56b9090d3ea057af7f49d952759dd61b5e3f88edc24975b7430e4b9a5e732b2f
etc1s_alpha.ktx2	17	0	9	16	f642e5e1c85275bf9612cdc08eff607960f5ad6b4007cdf93831329fe9ec5dc8
etc1s_alpha.ktx2	17	0	10	16	48aac103036dbaa0b7a9e648c70f53dc11279f24c2fc165ecca633dec1731c46
etc1s_alpha.ktx2	17	0	11	16	3ff833a17e6a779279ee1ae0b4e314838191b14fa3ce0f766f88cde935b6f3a6
etc1s_alpha.ktx2	18	0	0	2097152	2581f95dfce40a5605cb5eb6a6f841535a9977d3719a565bf059b40eb7793a17
etc1s_alpha.ktx2	18	0	1	524288	3aa49c812c01b402d4148083c71bfea8aa4d70243f311bab1c90f29e873ec22a
etc1s_alpha.ktx2	18	0	2	131072	26ab1fd304d972ac8964bc8ff56262a66d47738647b2c76f4889e5ad83e5a92a
etc1s_alpha.ktx2	18	0	3	32768	7dcb055bfe1631ee2c7c94c4f86e62ad249f529ca44c3aaefb955083e6e05b17
etc1s_alpha.ktx2	18	0	4	8192	a681d4c6fb29a4ef47b608196dc51ee8c155f09a59e974dfa8dc984fe697c19e
etc1s_alpha.ktx2	18	0	5	2048	83db575a3be4116edceeaade06108b30eb8698cdfc8547eeacca80a8ffcaa0ff
etc1s_alpha.ktx2	18	0	6	512	0181a06d3a5b6448322d03ab2b67e3e485528b943d9ac9a060b0f53836a1f539
etc1s_alpha.ktx2	18	0	7	128	29ace6a7fc0cf1cf3d43f55002d9039ccce00f8ca48c53d42eef9958c350ec70
etc1s_alpha.ktx2	18	0	8	32	5e3531f3ec55e85879c057568fdd249e15f8a0232a1ea3b8feb474f995c81eb4
etc1s_alpha.ktx2	18	0	9	8	e8abacd362077325f77e6373f429db487e3bdd5e9bfdfdc1ed443dfbc4f817b7
etc1s_alpha.ktx2	18	0	10	8	de9765ce8385151edd3b07a922a360f8f18a569f18c8952ca1438289034bbb77
etc1s_alpha.ktx2	18	0	11	8	b37b8fc3672e2f4a84f23b60802ec384c44536246aaaae2376f278c5361b4554
etc1s_alpha.ktx2	19	0	0	2097152	2581f95dfce40a5605cb5eb6a6f841535a9977d3719a565bf059b40eb7793a17
etc1s_alpha.ktx2	19	0	1	524288	3aa49c812c01b402d4148083c71bfea8aa4d70243f311bab1c90f29e873ec22a
etc1s_alpha.ktx2	19	0	2	131072	26ab1fd304d972ac8964bc8ff56262a66d47738647b2c76f4889e5ad83e5a92a
etc1s_alpha.ktx2	19	0	3	32768	7dcb055bfe1631ee2c7c94c4f86e62ad249f529ca44c3aaefb955083e6e05b17
etc1s_alpha.ktx2	19	0	4	8192	a681d4c6fb29a4ef47b608196dc51ee8c155f09a59e974dfa8dc984fe697c19e
etc1s_alpha.ktx2	19	0	5	2048	83db575a3be4116edceeaade06108b30eb8698cdfc8547eeacca80a8ffcaa0ff
etc1s_alpha.ktx2	19	0	6	512	0181a06d3a5b6448322d03ab2b67e3e485528b943d9ac9a060b0f53836a1f539
etc1s_alpha.ktx2	19	0	7	128	29ace6a7fc0cf1cf3d43f55002d9039ccce00f8ca48c53d42eef9958c350ec70
etc1s_alpha.ktx2	19	0	8	32	5e3531f3ec55e85879c057568fdd249e15f8a0232a1ea3b8feb474f995c81eb4
etc1s_alpha.ktx2	19	0	9	8	e8abacd362077325f77e6373f429db487e3bdd5e9bfdfdc1ed443dfbc4f817b7
etc1s_alpha.ktx2	19	0	10	8	de9765ce8385151edd3b07a922a360f8f18a569f18c8952ca1438289034bbb77
etc1s_alpha.ktx2	19	0	11	8	b37b8fc3672e2f4a84f23b60802ec384c44536246aaaae2376f278c5361b4554
etc1s_alpha.ktx2	20	0	0	2097152	5ea1361d078fe821d79aeec5563c0b561301d7495aecc862eb2049449770b20c
etc1s_alpha.ktx2	20	0	1	524288	c4798a19257e449093d11ea5d134574e3ca8bf62fde22873cc2e941299af3e0c
etc1s_alpha.ktx2	20	0	2	131072	a9e7ccd4e024aa8530fafba4c729e66c3346769bcd271f48aebca0e6a31c4d74
etc1s_alpha.ktx2	20	0	3	32768	3cf1e1060d89d62d199d42b66e05e8e1acab829bc3906d3550fee6c28f20f482
etc1s_alpha.ktx2	20	0	4	8192	76532a4d0cff0b08aad8018f68f14019dcd27e3aab47d04dd97fbdf391addb58
etc1s_alpha.ktx2	20	0	5	2048	b3af137c772cc3a527d26a7561813cbea613ab5ae1234ecfddc3bc8db3a00ab7
etc1s_alpha.ktx2	20	0	6	512	d156e9d9e85c927fcf3040ff103a58b2c2eda96ec9326ce182bbdc0b7a876d5a
etc1s_alpha.ktx2	20	0	7	128	d8541368d953cead7c223bff9d9311d550717aa6ea4254709f4e18a041838a23
etc1s_alpha.ktx2	20	0	8	32	df99c00cefae01f6f68a4b29ed4275068a29ebc26a23d604f42601dd3ab92a81
etc1s_alpha.ktx2	20	0	9	8	a549ddd83e7dc3c4f23d3c9200c245577ddff06412f16de234e35f943371bcdf
etc1s_alpha.ktx2	20	0	10	8	b67e9e03851163dae8fc4375ee1952d22ac614776f56e7e9b13947e94d166506
etc1s_alpha.ktx2	20	0	11	8	0806013dcf1fb748a4c76112710794a35501d02205dc3588029eb87027e672fb
etc1s_alpha.ktx2	21	0	0	4194304	a3c2486f10ce961123672572d6f14658c538ebf247834cee1df98998d0e11ab9
etc1s_alpha.ktx2	21	0	1	1048576	cb17e4cb0197a2c845c347b700074fe2ef6f9f63db16cb2941f73fdaf1b95689
etc1s_alpha.ktx2	21	0	2	262144	2bdc0812fde928700ed57fcf86e884d68aa77a8b64b1a821b3d1348a64c26d9c
etc1s_alpha.ktx2	21	0	3	65536	7f1759ccaee9527c06c2f82210bb2bb5ba3a02c6601845e12270e553d5817418
etc1s_alpha.ktx2	21	0	4	16384	14f6d057b08bef4205c17fb1868bd041358818fbb31aa1f3b7cef633cd9e9571
etc1s_alpha.ktx2	21	0	5	4096	379a996d74db60dc9985314752a86dcc5ff04636d8b1df19ba5d5c4a9523a5ff
etc1s_alpha.ktx2	21	0	6	1024	a74417bfc3a3153586cd158cfe8a42e6f71131ccea3497c8a20c82cf5d608e72
etc1s_alpha.ktx2	21	0	7	256	483c6d2e081c3135b7866146bd0d1832e5210615c536ee237b327ce5c5531bd6
etc1s_alpha.ktx2	21	0	8	64	abfc37b18a0f52ff961026fb12300620cbbc61d6437beb43a51bbf55adf0fa81
etc1s_alpha.ktx2	21	0	9	16	7a09ddb58bbeb64124f96065292d5ba8e597a7b39ecac85c921aed3420efb025
etc1s_alpha.ktx2	21	0	10	16	94586cea691b90a7b69d01eb4b87067ccbd4b974c3d3c9b1abb7c2fc03a85137
etc1s_alpha.ktx2	21	0	11	16	02dbd40cbff014fc6fdbdb11bc75180ffa0fcfd9e788bf2aeaa5ee18774bb8f8
kodim03_uastc.basis	0	0	0	196608	93e4af5f758ff74299c83ae58a46b499f2e9b89516249c7a2265389741b964b9
kodim03_uastc.basis	1	0	0	393216	3d8a5050727d116e8f7f6a2ac4c04d2378f6233e7ab248e9efea1de6ac524ffb
kodim03_uastc.basis	2	0	0	196608	2fdcf735fc8b5d21770a9e609d3c23a40d456bca38cc453c254998f628f0224b
kodim03_uastc.basis	2	32	0	196608	23bbee3df0a3cdef631b5a73361d6dd22d6b457f4abeaf040e9e33a661dc18df
kodim03_uastc.basis	3	0	0	393216	47d1eb15dab97f248752ac8d9ce46f281d0c64cce956644addb6d19859e5108c
kodim03_uastc.basis	3	32	0	393216	d8d1b28ade6e914df09b306b87faffec685b96797312ce51726f08f06ecf7873
kodim03_uastc.basis	4	0	0	196608	1ea361d9d78e253180de0a788b7c8ac472faa3dfca71274949c82e676541f41a
kodim03_uastc.basis	4	32	0	196608	1ea361d9d78e253180de0a788b7c8ac472faa3dfca71274949c82e676541f41a
kodim03_uastc.basis	5	0	0	393216	0a7a154ea5fbdebf2c3d4d56102f98782b10c7455f79829d543430e64f16a93a
kodim03_uastc.basis	5	32	0	393216	0a7a154ea5fbdebf2c3d4d56102f98782b10c7455f79829d543430e64f16a93a
kodim03_uastc.basis	6	0	0	393216	cfd9605f16807a97f8c68829098dc33a5681ba81d175b5abee968150eabe261a
kodim03_uastc.basis	6	32	0	393216	cfd9605f16807a97f8c68829098dc33a5681ba81d175b5abee968150eabe261a
kodim03_uastc.basis	10	0	0	393216	fcaa76e840106cdb04c70c4a6b661e6b946a5c441f6f8f80ead7b74ba407b3c8
kodim03_uastc.basis	13	0	0	1572864	b9e96098690060ba9492e15299bf16135d88ecbc757e23da998dc4d2f063a9f7
kodim03_uastc.basis	14	0	0	786432	5d64680c591cd25cc9a22f978970d4f3a55719d3c1f4993071b93861e5d0893c
kodim03_uastc.basis	15	0	0	786432	21aa377446fe764c57faa60b47ea06b53c98b5ff326b3679f7c6d51033dd5cb7
kodim03_uastc.basis	16	0	0	786432	ad03427c564c6732f4b5ed83bb6520aad7380ccb755765b188e7cbb98cbdcae1
kodim03_uastc.basis	20	0	0	196608	ec710b7ea0ee4720f343c41942920383961cb7dfb29c51e8977a08c7c20ea55d
kodim03_uastc.basis	20	32	0	196608	a7cc880de937696a88f03c696bd16d48730269c2f73982b2615e55ee6710a9e1
kodim03_uastc.basis	21	0	0	393216	c8df1cc772e31d06342a33e600196a3b6c83f0f988f48e8d40e9194806dd1b93
kodim03_uastc.basis	21	32	0	393216	393262142909c1953d7601f660ae668770152a051e2d1ad2c22e18e39f656da6
kodim20.basis	0	0	0	196608	ebc1885553e5ad17526c8632d02c83a4036a7d881d217877f859c380a659b949
kodim20.basis	1	0	0	393216	c4950d350e77946efa814ddba0fd7a119d874e18d7b13a72fabbdf2c362b83b4
kodim20.basis	2	0	0	196608	ec85f55bfc9810f39829251932552827caa2c0024d712a23f4085ab949394df2
kodim20.basis	3	0	0	393216	c59a81c6291b6225f0e846ed606705ed277ae8617925793f59d936f785ffe037
kodim20.basis	4	0	0	196608	27130abf63d0d761f76f0e357905d4bf4e2206e53f73e0f845cf11a516c64203
kodim20.basis	5	0	0	393216	32554d32bf9305e3a7c920e8b428259c65c95a770738845686a7a4dab435a75f
kodim20.basis	6	0	0	393216	cff34119f8ddfa107bd9d1ad6a24e6413f655ce4884297b24dc2d0b342db20bc
kodim20.basis	6	64	0	393216	04ae362393363d412f0c4017534e45daa31e77473e586cea544f7877a232b563
kodim20.basis	10	0	0	393216	1ba7bbd009bef8853814966127ffe723028e72b1a66f6b48cd7ce669c749d082
kodim20.basis	11	0	0	196608	8461c271b862bde9d2aead2525a35a1c932daba22bafcd93477632be1f3273d5
kodim20.basis	12	0	0	393216	3e3824820277d191389a937734281bd93fc61082b3d196fb9c0b3a08f44a8ffd
kodim20.basis	13	0	0	1572864	9175d8d40127071392510353394d75ba25fca7ab54b6224b3cb68e4aef3cf51f
kodim20.basis	14	0	0	786432	d5f9daee328a9ef93032be05107d361f8c747a00e7e8ab1280283c8ef1adb486
kodim20.basis	15	0	0	786432	22e3c0261ffae6088e0dbadeb50799296aa3f7b5496c7245a86695637a81f4f4
kodim20.basis	16	0	0	786432	dcfed109be59be8284a5e3da67d10bd2e20ac7902e96f2d1924d033564d80433
kodim20.basis	17	0	0	393216	c874ae136a9f5a2243857dc07c5d773ff4debcc62d5de81d8a67248e974a4eb7
kodim20.basis	18	0	0	196608	9f99ba2b2010b4e494d849f6058a99f756c6c13d726aa4b9f2378ca750ca3b5c
kodim20.basis	19	0	0	196608	9f99ba2b2010b4e494d849f6058a99f756c6c13d726aa4b9f2378ca750ca3b5c
kodim20.basis	20	0	0	196608	c1866cc859027038f45419bb56f25790621ecfe0726cf15f9cda4475581afab9
kodim20.basis	21	0	0	393216	fa00bf188758c379593069c5eb194a5a3c36288c113faa83ff0bd3eb09aa4980
kodim23.ktx2	0	0	0	196608	c3f0e7527a1fa74659e860ceb6b9937c628bbee397c36d479c5d2f76c8459917
kodim23.ktx2	1	0	0	393216	d6738f5e4fbefabf3b02247e35e7fca8055c5691a22ed978cac6bd91874ecd1d
kodim23.ktx2	2	0	0	196608	6ded75bc11d44179daacda36722316f5f6dbcbd47456c751c902d93bdd8052d0
kodim23.ktx2	3	0	0	393216	c056719f2d49cfee41e62453b5b36372d7bafc13b0a5fed056c3e0a73efe6c21
kodim23.ktx2	4	0	0	196608	d415217a1fe2388e5af816b459a9933db1178854830475ce52663c057c7f0614
kodim23.ktx2	5	0	0	393216	06ff5876bd662c0cc3297cb165e567db89bc7194c92641b8f9345addb4c0e9c2
kodim23.ktx2	6	0	0	393216	f90ba213ccbb62dddb8220648e2531ad2be5bcd86c85939d95e8c124805fffc4
kodim23.ktx2	6	64	0	393216	efcc33d96bae42475ced3dc8aa0f881b433f44e64a0539459e1185130ab7cec2
kodim23.ktx2	10	0	0	393216	64fd621a685f494dc2be18b9d9e415aaa46ace27b62c5d2bab65376ea1c9031e
kodim23.ktx2	11	0	0	196608	bb942780a669581d47e3eb707353d74c0e3bdf44299370bbf7fb7752f7a792dd
kodim23.ktx2	12	0	0	393216	8f34195b6b476c812e5f01985fec4b57b0544fafaecd2b4de934d3f395bcc855
kodim23.ktx2	13	0	0	1572864	d10f98edbecc601ce319ef357c6483d353fd2f09200a9ffb1154712ba51edcf5
kodim23.ktx2	14	0	0	786432	852712ba9342eda2187edaf9742cca9927965c8995bfc4c0ea0e6bb48cbb161c
kodim23.ktx2	15	0	0	786432	d390bc44376f5dabb81cb44170a79c1b630a6ec342663c58ce72c36ba03f2082
kodim23.ktx2	16	0	0	786432	72094a207ab928dc1fbc6f9ad5989da17000531413881ed91437b4a09f6707fd
kodim23.ktx2	17	0	0	393216	8f8b7f96afeaf5c012b35ab29391650f64ba1a0867e0681a3157f3d1cb38b463
kodim23.ktx2	18	0	0	196608	07434e50e7a6e41cdffceba3ed12e25db2ff0f28cbd5263f3bbaf620efb13967
kodim23.ktx2	19	0	0	196608	07434e50e7a6e41cdffceba3ed12e25db2ff0f28cbd5263f3bbaf620efb13967
kodim23.ktx2	20	0	0	196608	18bbde6f986ade88b9adbf514315d852d4c0010a641b02624d36464858bf49b0
kodim23.ktx2	21	0	0	393216	895ba6d4cf3cf15b34dd5445a70bc456e0987b6d3b40a758c15db056e3b5e655
uastc.ktx2	0	0	0	800	95d150111dce031cf296a95c4c96a90d945efc2bab97def0a32dcb7a6f3eea87
uastc.ktx2	0	0	1	200	54934089e61cf6e68a940bd425146c6d8209aa4b8f0dad23cc4542317c68a4f0
uastc.ktx2	0	0	2	72	2d04f7a295394e36d10bbb96e741a5b89d6da74312d94ca76ec601c374542123
uastc.ktx2	0	0	3	32	e8ad85c913ba6e4ec1a7cabc380d68347a9e6c65e1b6641a967210e10bcd9e93
uastc.ktx2	0	0	4	8	26e0008674a4f07f32725e4534873c9dc7b8e081fcc9545cea442e23b9231a89
uastc.ktx2	0	0	5	8	951a81a67d5dfa67ceeb0ccbcc5a862a533f0bffb5b29630513f39e6308f4f8e
uastc.ktx2	1	0	0	1600	a61b3d4709c30586d4f4f4d285fe540805ee3dd8ffa5139d6c43cdc3e81c4825
uastc.ktx2	1	0	1	400	a025c4383fc8f59e163866ea81407e6559910d1270e0ba648a2fbb63a02b6260
uastc.ktx2	1	0	2	144	1e7dc8c5ee740a162deec74bebecaf97b34f46b30c2ef77e198ddb6b142ddba8
uastc.ktx2	1	0	3	64	16028086225b5aed0cbca68985049df2f1fdb353bf24b4f740cac3e88fcd1e47
uastc.ktx2	1	0	4	16	7c987d442713cbe1ad676e05b4f0ea29cfdba3035726af061a809ae9456f8490
uastc.ktx2	1	0	5	16	c98aab351b32047996d0a9dc6ee32b0aa1513246237caa07d041eef835dd0e63
uastc.ktx2	2	0	0	800	fa169174db0aed08ff5ae967ceaa1d349bfb50c9f6a2272cdb8f332bf363d6bd
uastc.ktx2	2	32	0	800	eba3227f70ccfe8d3675c42d2e2e07a7de2ab5186cac8c139c69702fb61783e6
uastc.ktx2	2	0	1	200	230a386f95228c6258676b5839fc03dc5f050d35dc54e60126f12eecc84d6c3b
uastc.ktx2	2	32	1	200	f2f7104c47b535c5dbc5acc45e62787c7c954b4f80e4758f1f1edd36127e211a
uastc.ktx2	2	0	2	72	e10026924ec2c4a13b925476cfbba6151487236391bb3a04cc5658464d9a2591
uastc.ktx2	2	32	2	72	f786015cc7f9aa0075c6ed5803d7e00db2cc35f7130cf7e81e78930d953a82b4
uastc.ktx2	2	0	3	32	753f95cfb929aa8bab46e900728cfd545e7d570575bc173cdd254046f8dd2501
uastc.ktx2	2	32	3	32	60bd05c95d9b78ec3a0c7eb76947f60f9644b849f4391d0557c4aeab4842d343
uastc.ktx2	2	0	4	8	8f63e077135d6e7362378c765142e6f71b4e20021392ecc217de40a45d8ea0fb
uastc.ktx2	2	32	4	8	8f63e077135d6e7362378c765142e6f71b4e20021392ecc217de40a45d8ea0fb
uastc.ktx2	2	0	5	8	9ffa8a196ea1b2e6de30ddfea5982f2bccc1787bb314c284a630f6d02f258f33
uastc.ktx2	2	32	5	8	9ffa8a196ea1b2e6de30ddfea5982f2bccc1787bb314c284a630f6d02f258f33
uastc.ktx2	3	0	0	1600	946ed6abcd323e0d14849fe4083201baae91541b785fdddd8ba31f43596f81e2
uastc.ktx2	3	32	0	1600	260dc10d93f18620b75a65701c90f86ae21aa4495a443ff62a1a7f5aa0a3f152
uastc.ktx2	3	0	1	400	cf209fe27c34416f42ae924e45162083a2458a24d6ecd4eee6f2629742f39ceb
uastc.ktx2	3	32	1	400	b511009ed9c9a2d42c1e52c9c5e0a26175c3475024e92a9edcb06f3341eac0ab
uastc.ktx2	3	0	2	144	efc158f72921e555913a66ea300d83b9dd84f7212a7da9a3a4379e9e88364c97
uastc.ktx2	3	32	2	144	60bbbdbb0fe24423497190261652d63e5625844010e95be7bcb22fdc343ead5e
uastc.ktx2	3	0	3	64	ff6b50d25b1909efdc05dd859270221d530a589390d1b35679845640d28b6598
uastc.ktx2	3	32	3	64	d67ad81c85397ee20d01e6833d26e34c29f7c5f4b889cb9e705680fcabf5f496
uastc.ktx2	3	0	4	16	89a937fa6214e7ea3c571e880db1214767ac33db9882a0c7570056920a1500a8
uastc.ktx2	3	32	4	16	89a937fa6214e7ea3c571e880db1214767ac33db9882a0c7570056920a1500a8
uastc.ktx2	3	0	5	16	78dd6f8b3a5cae90d0d8382d4cbd8c6bfc2b8f99aea642c0aebd2501abf8eb0e
uastc.ktx2	3	32	5	16	78dd6f8b3a5cae90d0d8382d4cbd8c6bfc2b8f99aea642c0aebd2501abf8eb0e
uastc.ktx2	4	0	0	800	6cd20bea5e7f7888ea65bf2b0e8b85064eae3104b72851e8803e5bd17b755b2b
uastc.ktx2	4	32	0	800	6cd20bea5e7f7888ea65bf2b0e8b85064eae3104b72851e8803e5bd17b755b2b
uastc.ktx2	4	0	1	200	692e8247318112d5895c9ff84404e7bef0d686347930552d030ae5f7d01a6c98
uastc.ktx2	4	32	1	200	692e8247318112d5895c9ff84404e7bef0d686347930552d030ae5f7d01a6c98
uastc.ktx2	4	0	2	72	bccefeeff648db8036700cbe3c6bea9ecf08d8347f50bbad97c1e1a501c65017
uastc.ktx2	4	32	2	72	bccefeeff648db8036700cbe3c6bea9ecf08d8347f50bbad97c1e1a501c65017
uastc.ktx2	4	0	3	32	7a744559922d745463771bd8b5bcbb8fc131105cdd815b54de765a9358b73480
uastc.ktx2	4	32	3	32	7a744559922d745463771bd8b5bcbb8fc131105cdd815b54de765a9358b73480
uastc.ktx2	4	0	4	8	e72c6a992e4568b8a094347e612b058924fa6b8a0e1e70cf5384b3af772c992b
uastc.ktx2	4	32	4	8	e72c6a992e4568b8a094347e612b058924fa6b8a0e1e70cf5384b3af772c992b
uastc.ktx2	4	0	5	8	f357462307bf2abfc83437a6085334385aa7fb11352043b852c31f9ffd306a4a
uastc.ktx2	4	32	5	8	f357462307bf2abfc83437a6085334385aa7fb11352043b852c31f9ffd306a4a
uastc.ktx2	5	0	0	1600	fa890072e56e9cb8670f2038f0e59cf34ce8fecad2e5ce37973bcae453fb71d8
uastc.ktx2	5	32	0	1600	fa890072e56e9cb8670f2038f0e59cf34ce8fecad2e5ce37973bcae453fb71d8
uastc.ktx2	5	0	1	400	b2d51b774844cece56527f739e70adf73c80705b194b5ca63b99fb9a1bb39bce
uastc.ktx2	5	32	1	400	b2d51b774844cece56527f739e70adf73c80705b194b5ca63b99fb9a1bb39bce
uastc.ktx2	5	0	2	144	b6a51bbdfe0ecd52b335957f160d96b9a058b3b2d0ad286b1eb17abe10d58096
uastc.ktx2	5	32	2	144	b6a51bbdfe0ecd52b335957f160d96b9a058b3b2d0ad286b1eb17abe10d58096
uastc.ktx2	5	0	3	64	653cee59bb9568f4dd016ac9538983e149f9bd522314b91f8380b004fbe4ce2a
uastc.ktx2	5	32	3	64	653cee59bb9568f4dd016ac9538983e149f9bd522314b91f8380b004fbe4ce2a
uastc.ktx2	5	0	4	16	bc4a7a40385ff800071bee014c509adf20b82028d504db8a0a5abd7f1854450b
uastc.ktx2	5	32	4	16	bc4a7a40385ff800071bee014c509adf20b82028d504db8a0a5abd7f1854450b
uastc.ktx2	5	0	5	16	754129910e064b2fdc7a82e90799b6b84741c3abc547764f06906240e8d840f6
uastc.ktx2	5	32	5	16	754129910e064b2fdc7a82e90799b6b84741c3abc547764f06906240e8d840f6
uastc.ktx2	6	0	0	1600	4045cb0afb5aeca25b6deb3fb96e5cb5dc89787b5d949827b7a4f169ca0ba5bc
uastc.ktx2	6	32	0	1600	4045cb0afb5aeca25b6deb3fb96e5cb5dc89787b5d949827b7a4f169ca0ba5bc
uastc.ktx2	6	0	1	400	afe214b3b7a701c84105e9980069f95326b85bd5a225a8327a525993ce2f8cab
uastc.ktx2	6	32	1	400	afe214b3b7a701c84105e9980069f95326b85bd5a225a8327a525993ce2f8cab
uastc.ktx2	6	0	2	144	d943b77bbca06bbfc73ec622117ad27661f28477115c1ef4aebae7e482403e3f
uastc.ktx2	6	32	2	144	d943b77bbca06bbfc73ec622117ad27661f28477115c1ef4aebae7e482403e3f
uastc.ktx2	6	0	3	64	0404c837b7cbac89943b566b6b933edd44bd80e678c53e74ba8820a43610cf58
uastc.ktx2	6	32	3	64	0404c837b7cbac89943b566b6b933edd44bd80e678c53e74ba8820a43610cf58
uastc.ktx2	6	0	4	16	35312915209a749784c950601eef371e6b58b04de72e5052ce2424b61d259f54
uastc.ktx2	6	32	4	16	35312915209a749784c950601eef371e6b58b04de72e5052ce2424b61d259f54
uastc.ktx2	6	0	5	16	e60d8cf5ad53742d195f12e92f15dc44f01617ed68bd73e3a03c1746e3474479
uastc.ktx2	6	32	5	16	e60d8cf5ad53742d195f12e92f15dc44f01617ed68bd73e3a03c1746e3474479
uastc.ktx2	8	0	3	32	a40ac6286b0cfbe2a6d9b14c91df3885ea84e17d996f94dead55e7f900736a4a
uastc.ktx2	8	0	4	8	400563718c9642e9ea3f82ef60a5e100c912839665cc949d2eff9b2c45f61417
uastc.ktx2	8	0	5	8	4f4761dd0d640e4017617444758d1614f62472117a800fd3a0ae0a20a9d0df5b
uastc.ktx2	9	0	3	32	a40ac6286b0cfbe2a6d9b14c91df3885ea84e17d996f94dead55e7f900736a4a
uastc.ktx2	9	0	4	8	400563718c9642e9ea3f82ef60a5e100c912839665cc949d2eff9b2c45f61417
uastc.ktx2	9	0	5	8	4f4761dd0d640e4017617444758d1614f62472117a800fd3a0ae0a20a9d0df5b
uastc.ktx2	10	0	0	1600	32b6e74b0340b71a78d7e38da14db2157ddc28844351a8540c62f5330f54da3e
uastc.ktx2	10	0	1	400	fc2b06b2d34e57a5f0d0715a7cd1b3e6e5c37624d4b9d08aedf24416fa6ac92d
uastc.ktx2	10	0	2	144	9d2e65015c5357ac4a7be4a400c9f49edcdba1a8a96ee6c580ccfdd95da9379a
uastc.ktx2	10	0	3	64	1d019539c0ce6cbaa8ee58e65bcd9a072b195ea04560cff09c16544165f18caa
uastc.ktx2	10	0	4	16	4d8105835ba78092e06a30d8140ab94802c3148ad02620f9ffb2ac5746bffe5f
uastc.ktx2	10	0	5	16	e4afac099c43c5054e0c2803492b864d63810cab1565ebb18a3f39f91bc10cc3
uastc.ktx2	13	0	0	6400	fd9d51898dce01c2cdfd4ece339a4e5d5a5f198b80d124485af5874d62bba5ad
uastc.ktx2	13	0	1	1600	979ad5b892b0e534b461afa8030f66192705111e25f9d335cf445f14d16ef82c
uastc.ktx2	13	0	2	400	3dd59f9d2f4dd07236c25800f1ab0a361639bf5a5305543662550ac07daa20e8
uastc.ktx2	13	0	3	100	632872db7aa5a991284a478664e0cbc3f296e950be28621cf4daea434dfcd167
uastc.ktx2	13	0	4	16	8b43dd2b7f927805f9804fb536e0f0ba3b75a563b29342f03d30405ed792455f
uastc.ktx2	13	0	5	4	2d40b1336c05768172457abbdceac9a87b96b6b80be0b7584f8052af1ab561d5
uastc.ktx2	14	0	0	3200	7fa2edafe1fef83c4e329381be7b0f7b56d151a698c1b8161c755990e831cd1c
uastc.ktx2	14	0	1	800	085d87d6b6fa1df82e20768b530d014bd61fdf98dee178f95877ecf4fd31474e
uastc.ktx2	14	0	2	200	c720d93b6890bb60c130522dcb5208fa9207055cecb96b66ed61296e14f7d713
uastc.ktx2	14	0	3	50	49607bda167c85857cbe614c6d00cd8ffc521fb501a6e5c764a19a5b178c7da5
uastc.ktx2	14	0	4	8	3a52b68ee1dc9ba9293a3b8ab2144f140cf509d1980f9be0ad844420a401813f
uastc.ktx2	14	0	5	2	baedb1b24ba47226407188c455e34dd858403d6baf5e8410373efef8d7057ae0
uastc.ktx2	15	0	0	3200	c42bec2362082c11fe4cecca38f622b551c0364cefb487f6dba8749a70cba303
uastc.ktx2	15	0	1	800	2d80e4a2313a453bf67720e5cecd3dfa18574805fb0638fb5946a932cf582898
uastc.ktx2	15	0	2	200	1e690c03d40e3e375a1807615e290e40d205036d51dbc281ecd58c8d6ac9a9df
uastc.ktx2	15	0	3	50	72465e16a9322d20962f331b2e5ad6bdb22cfcf7ac05a073f5101ddf00bc5390
uastc.ktx2	15	0	4	8	709288eb529ab98f0de0373f6fe60f5343f20562bde31ac79857ee1e7e67b391
uastc.ktx2	15	0	5	2	504f19aeb9bb767dac501b6586e2393b3f064f864ff3c11d360f30b22c266cba
uastc.ktx2	16	0	0	3200	c9735e6e75f1669728fad71215b8c7aff732ad2319f37f00fc3035cb0b2338a1
uastc.ktx2	16	0	1	800	bbefd32f2010b5db9af16d318554aebdabca5445a30823648b88ce459c5fe35a
uastc.ktx2	16	0	2	200	9242faf7be05d256fe3f6979c5a8168ddaaf4290bb20a98253a4ecfdaf28c99f
uastc.ktx2	16	0	3	50	3dfa514cc946174420355c2d0db05e8e8029a3ef50733338c4b0d13aa5bfc55a
uastc.ktx2	16	0	4	8	9c0b8e1c73cd1388abca4bd39861908ae214d5be1f36c70a5d05f01e3719b529
uastc.ktx2	16	0	5	2	82ba1deba2ce6a182903d35cca4c42da6d3556b378cf5c558035197908e89704
uastc.ktx2	20	0	0	800	d8bb80337876d358188f28418a6e59509c1964430c521a3a6aad6c52ca58cfec
uastc.ktx2	20	32	0	800	6000bbcbc4e246266c2146da5b32fd8a01b902f3a126a52dff7ff5deb4163d59
uastc.ktx2	20	0	1	200	fbc42a89ed88aba27f7225cd83036d61fefc2c83650fe91f653a919da79181ec
uastc.ktx2	20	32	1	200	99bd4d66c3a7010b024264e46906bb87473dd81f1dd84c8b29720edcb7012dd0
uastc.ktx2	20	0	2	72	114c3cff6aa2a1d8bfcdf79b2c1fe09a9ad6ae91d4aea8aa65fdcb5839fd18dc
uastc.ktx2	20	32	2	72	272f73c21bee03c97bf7b038ce8906d0ec729dd21eeab37bf46f28700c6f1111
uastc.ktx2	20	0	3	32	c98656d9782641891763af7a103b0b4e138b23314797a11bea7992a6d3d0215a
uastc.ktx2	20	32	3	32	201d402bec8c4553accad78357a90fb2c4c469ee55ce72f05ee3c2bde08bbbab
uastc.ktx2	20	0	4	8	489f9e12d1f0046311ea113a1ab3429561daf8d53fd25c1e29b79c0f02d1b9bf
uastc.ktx2	20	32	4	8	6176147a5c12b4e2efd5049d5842e65a634e64792743e8329be5b51d3a4d2df6
uastc.ktx2	20	0	5	8	68d5d1078b8cb0d99a309f057e5bb0f49f725111c85eec65eaf196d2335a9bc4
uastc.ktx2	20	32	5	8	68d5d1078b8cb0d99a309f057e5bb0f49f725111c85eec65eaf196d2335a9bc4
uastc.ktx2	21	0	0	1600	28a0601eb90fc44b9fcf0789f0ec8c6a28ba546edd0b52e455369b588385c9a8
uastc.ktx2	21	32	0	1600	fdfb020bbde88c28aaf15394e0c6a8e98bee2828a8cbabb085ee6dc24cb91a8a
uastc.ktx2	21	0	1	400	005bf34ebaf5a500d1bf03a60d5128c78362a43474788c0e02d8bbb67666aa25
uastc.ktx2	21	32	1	400	600a8fef00a326f7e9eafce6f39ce7c4cb7f589cec8e9a7aa18e160a6cafa564
uastc.ktx2	21	0	2	144	e413dd428c5491418af454e1f362017c2a01ee50c72e4c89bd3969250ff2726f
uastc.ktx2	21	32	2	144	115790150e9746d8a77e932cb302e5d0eee561709440873441bde2ec7204dc1e
uastc.ktx2	21	0	3	64	e17a61dfc3c0463d4da82406349f6143ccaf1740c4e7b1c9d3c03e521f9ba74d
uastc.ktx2	21	32	3	64	a1ab04188402ebc8589684847daedfbf76247fc6d94b7c6064551ded43428b17
uastc.ktx2	21	0	4	16	512fced5813070fce46b2979c0b3fee4a3d3ffc07da3ba1640c7d2dce8ef1d1e
uastc.ktx2	21	32	4	16	ed7b498436512aced125323b0f4a1faf8e74f6feb8fcbbdf5500867da9e45d90
uastc.ktx2	21	0	5	16	aa52f2207abafe4cd25ef0afb771da941af2fa46aa6a9e746e3fd0bfcc004bb7
uastc.ktx2	21	32	5	16	aa52f2207abafe4cd25ef0afb771da941af2fa46aa6a9e746e3fd0bfcc004bb7
uastc_hdr.basis	22	0	0	393216	755970e4c52d66a420e3df77ebf88b6d29e62eabe9ea582d7c061930ebbfdfab
uastc_hdr.basis	23	0	0	393216	01bfdc87c13407468cea9e1cb454b5bc9c2cadae765b2eaa5062e3a7521063cd
uastc_hdr.basis	24	0	0	2359296	e4737071632666aea40eb8e090d21ff4a13448a14da99b45897fe277a9efc963
uastc_hdr.basis	25	0	0	3145728	a7ba02c3169f53a6008e1c04824534450ca65d28073b033bd398ec1b26677b5f
uastc_hdr.basis	26	0	0	1572864	d25816a0533b07b67c7fbf7712f393afea9de60bde4c4855a36090706f1f9f22
uastc_hdr.ktx2	22	0	0	256	753bb31f19c80b624d82992b282e607c7ec652da60faff4516b9ff2908ea1120
uastc_hdr.ktx2	22	0	1	64	5bdfc32417f6075a211e1e152659f4ae4a991b7928e110c2fb39d70c92a2a68d
uastc_hdr.ktx2	22	0	2	16	af2368f0987946f80269f6308fd3a2753b8dd4faa4de293a0f702d2af41c11dd
uastc_hdr.ktx2	22	0	3	16	62c6e804867b3b4e1226f100a9d000064b57194850abe80c3d97f9f61b8e405e
uastc_hdr.ktx2	22	0	4	16	9c69a1ad915f3f3147381dd8ef5a30f537bed6e4405cf44fab73d514b7bf9062
uastc_hdr.ktx2	23	0	0	256	eebc36252214f5e1bc0f6cd79e943b4441c7e32023364c3fb0d34771b3b1b747
uastc_hdr.ktx2	23	0	1	64	c43348ffcdd6d8c013b36834a4a1034d7bbe9f071223a30ed18be20f5ef2bccd
uastc_hdr.ktx2	23	0	2	16	62fd24364ac416e9d864bff8ba7d232d1c99a88cc1eb15b5b7a9bcb307b20299
uastc_hdr.ktx2	23	0	3	16	6c26d56c21bb81992b165e7d5a809d8163628daa9b355bd5def367abcf5c21cb
uastc_hdr.ktx2	23	0	4	16	915735427d3a7c586e0f60cc44339b47b9de778dac8259475c2f859a1f6e5d52
uastc_hdr.ktx2	24	0	0	1536	f627f22242011d46e8ec73d7aec66678d925d9a537d25003aa63037fe5f9cc05
uastc_hdr.ktx2	24	0	1	384	9a737860742a0632e612186d1d54850542341fa93954de5cf150e8d7a37688cd
uastc_hdr.ktx2	24	0	2	96	dfbc2b5384935784a40403fd67bc75593f27a4df27da29521b9cefa34d375c64
uastc_hdr.ktx2	24	0	3	24	9da7672117767528fd2a2cd6c7dee2364f743dc900050df9ea0e8e5104d5fae0
uastc_hdr.ktx2	24	0	4	6	14d534e3a5a0b93a04f6f3f6677ec10ce5cbf5dd432ae50cf8749469fa9ff88f
uastc_hdr.ktx2	25	0	0	2048	6556fb3aaa17c2b64bd778082a3eae7ac237c3c5566c3cabb736d8aed39622f5
uastc_hdr.ktx2	25	0	1	512	ae3267fcb11643bf9b89737f554dc125d3188f64e6aaa9ab73003971a1c43783
uastc_hdr.ktx2	25	0	2	128	7469b401195be5add7d516db0dc79f52922852833c2b692d498780ce51005adc
uastc_hdr.ktx2	25	0	3	32	dafe1a3e0ccebee76a4539dd5882c4f795a5ed5bf6c6f49c7a3c61b1b4a06534
uastc_hdr.ktx2	25	0	4	8	9ca44d88a748466f10946348477a5c82a69ffba655e8a0b327a94f13de8373d6
uastc_hdr.ktx2	26	0	0	1024	0653ecbd259bc513c9eab509a64c8722cad024954e84597668a192c1ce970829
uastc_hdr.ktx2	26	0	1	256	eafb36de6c9bd2c88a07b6a9678a22c4624b31fa9d121bd30b5cf4e1021f008c
uastc_hdr.ktx2	26	0	2	64	71cb1694f019fe97471260ec58f6a82ec6c963e4c673e3ec2c47a4da14a88c44
uastc_hdr.ktx2	26	0	3	16	b3c1aacbf7e0707b9fcac18624edfeb64ac83374720bee0c6552df2153198a23
uastc_hdr.ktx2	26	0	4	4	440c834da040ed8d262c41374747675040a257f0d42a9c329411e9b911b3fd34
uastc_hdr_6x6i.basis	24	0	0	3377136	33d8ec590ea232c53e9dc4472b0e73c7923913ca1569e667b5f90e6cc346be4a
uastc_hdr_6x6i.basis	25	0	0	4502848	2f6b194a716b8a165d1bf51ab686d226f83597cd36ed7224020226ac6db0bb86
uastc_hdr_6x6i.basis	26	0	0	2251424	8d16643e71f8267d90e0c53eec5914cc291ebf1eeb6908e3741af98757c32fdb
uastc_hdr_6x6i.basis	27	0	0	252288	dc7e78d235bb8101641ca1fed7a3f8a7cb77f62a95e44de18a773d7fd30345df
uastc_hdr_6x6i_mip.ktx2	22	0	1	64	4b84fe2f88c413ebfc2bb8951d1d2914d3b5cfca6aa219da58592cb1f15eabc8
uastc_hdr_6x6i_mip.ktx2	22	32	1	64	38815d2d1dfec9a40aaa3d66d6cb2ab478d1432b2fdf22a95d6ac2e2570d261a
uastc_hdr_6x6i_mip.ktx2	22	0	2	16	16d9bcf658ce4c7e233f18b03f9555fd0744ef610c5fbc94d7b39274912e8b48
uastc_hdr_6x6i_mip.ktx2	22	32	2	16	a580ba4c4046b5720dfa53f7d5cc22a295117ae72ecce09b199f6714324832e7
uastc_hdr_6x6i_mip.ktx2	22	0	3	16	1139e6d638ae172aae9aa3f6f34f692a96a041b8a7f4fa0b73e1484b84bc6840
uastc_hdr_6x6i_mip.ktx2	22	32	3	16	1139e6d638ae172aae9aa3f6f34f692a96a041b8a7f4fa0b73e1484b84bc6840
uastc_hdr_6x6i_mip.ktx2	22	0	4	16	9c69a1ad915f3f3147381dd8ef5a30f537bed6e4405cf44fab73d514b7bf9062
uastc_hdr_6x6i_mip.ktx2	22	32	4	16	9c69a1ad915f3f3147381dd8ef5a30f537bed6e4405cf44fab73d514b7bf9062
uastc_hdr_6x6i_mip.ktx2	24	0	0	1536	92324992aa0f444ecc854893216fe834ed0eb1411406c18b2759c6f5a2a142ed
uastc_hdr_6x6i_mip.ktx2	24	0	1	384	07ed4d53cba1861318d24ec75d79133de5cf163bb14e74ba8df478bfb906914e
uastc_hdr_6x6i_mip.ktx2	24	0	2	96	7ac60eed5ae9aab6712f0074724b786eedf41a0c0fa3edca6c829422491168e4
uastc_hdr_6x6i_mip.ktx2	24	0	3	24	abd34d2d4e7223203992806860ac8a527cebdcbbe53e015894989b063880969a
uastc_hdr_6x6i_mip.ktx2	24	0	4	6	14d534e3a5a0b93a04f6f3f6677ec10ce5cbf5dd432ae50cf8749469fa9ff88f
uastc_hdr_6x6i_mip.ktx2	25	0	0	2048	60a6942a09a21fa0164350d474ea16ede1ac1a3f0ef6e20717cc473b0c243b95
uastc_hdr_6x6i_mip.ktx2	25	0	1	512	c60f008de787412d2d4d7ea7222a028e12baeba21c36f413941f980497b183f8
uastc_hdr_6x6i_mip.ktx2	25	0	2	128	4791c06cbed2bca5963a46ad908874f4e858755425745190861dd9e43f59f941
uastc_hdr_6x6i_mip.ktx2	25	0	3	32	ef557134b40ed2d7a34efbcbe39802b209a5e99bda2eda36457922b34e11e113
uastc_hdr_6x6i_mip.ktx2	25	0	4	8	9ca44d88a748466f10946348477a5c82a69ffba655e8a0b327a94f13de8373d6
uastc_hdr_6x6i_mip.ktx2	26	0	0	1024	60ff1ce5c0747637bac8ad0f4b20f1a4fc78ba6406616f7a7a67ce4ad9bcfb11
uastc_hdr_6x6i_mip.ktx2	26	0	1	256	d330e5e8c705daf68cca88aab2343bc9176d68104a7ce98e370ebf75880ed6e7
uastc_hdr_6x6i_mip.ktx2	26	0	2	64	9215fa75f5ee23fa206ee37a0e1e1433fb8d33c34eccd7bf6a691f54cf0ea097
uastc_hdr_6x6i_mip.ktx2	26	0	3	16	a6800849a7e7eba984da596028c77397588b23c76f1424bec8aa9616456591c7
uastc_hdr_6x6i_mip.ktx2	26	0	4	4	440c834da040ed8d262c41374747675040a257f0d42a9c329411e9b911b3fd34
uastc_hdr_6x6i_mip.ktx2	27	0	0	144	8c7045ccb9d0cd568eb697885f54e40532f5bf7bfdafd2e94bb22b2e12797b65
uastc_hdr_6x6i_mip.ktx2	27	0	1	64	1351786c0c9447674bec38228a670b194703b7c09c7fa05514c58e08c2ba5010
uastc_hdr_6x6i_mip.ktx2	27	0	2	16	0e51a4282f7d82b5ae3cc28f53ac00e2d76e343acb21d5cca5cbc4321edcda42
uastc_hdr_6x6i_mip.ktx2	27	0	3	16	aa4762e720fe7a8d61f4f59d0fefc4b2a5dcdc67ef33c9ef86e35422e1f6bd5d
uastc_hdr_6x6i_mip.ktx2	27	0	4	16	915735427d3a7c586e0f60cc44339b47b9de778dac8259475c2f859a1f6e5d52
uastc_hdr_zstd.ktx2	22	0	0	564144	99ef6abbfd2b33371541a8d14f9b0cf7f41ae523cc99d1481d2c004f62bf25d7
uastc_hdr_zstd.ktx2	23	0	0	564144	a6609605261c877bcbe2b019c3d5aadc4c0b1d30e6803909255e007acd0513dc
uastc_hdr_zstd.ktx2	24	0	0	3377136	40b3bc8555cdb1a37ff9fc53bca4c4e7fb821bfbefe80a17547d75004c523636
uastc_hdr_zstd.ktx2	25	0	0	4502848	aebc9b3ed5c07b3357d161f5dfbe893b97ce4529cf68e34faa32bb875eca136d
uastc_hdr_zstd.ktx2	26	0	0	2251424	f175945767e0fdec4bb1b0b92a0c8cce265924bffdebfdfee66217a24684c74f
uastc_medium.ktx2	0	0	0	32768	f9d6f23b43471201f1adc0d6d418fcbee44a762438de7bd84b23945e7b0e5655
uastc_medium.ktx2	1	0	0	65536	686757198c3ab1c0fafa5e9f353c707f0208225f39fd0e52b219cf1e4e9d91e3
uastc_medium.ktx2	2	0	0	32768	d4291aae800547594a7dbf0a7c2b3d74e07d4ff3f56e3d3f166dfe0d9d9c5eac
uastc_medium.ktx2	2	32	0	32768	f5be315ef8080090d8895ab6c18e983f5be2f3225296807bf099abc458532af9
uastc_medium.ktx2	3	0	0	65536	b57bbce077bcfeca98f80666d61645aa7bf1faa376e22924dabe27b39fdca45b
uastc_medium.ktx2	3	32	0	65536	cec3c448be26e2dd0ebbaa36167eb8dff37a8e10a89a34bdec5619007145d449
uastc_medium.ktx2	4	0	0	32768	303328aa33c4b9db63d5a3d44559f67931bf2bc282c7ce891206b2e5533515ae
uastc_medium.ktx2	4	32	0	32768	303328aa33c4b9db63d5a3d44559f67931bf2bc282c7ce891206b2e5533515ae
uastc_medium.ktx2	5	0	0	65536	f5abc16892a07bca23dfb633bbfd52b04a2f241a5b72e50ebdc7cc4a9e9b367e
uastc_medium.ktx2	5	32	0	65536	f5abc16892a07bca23dfb633bbfd52b04a2f241a5b72e50ebdc7cc4a9e9b367e
uastc_medium.ktx2	6	0	0	65536	7699e288499e017da507263718f0d1eb26e29ea72879cd246d5d1506d5c4fbbc
uastc_medium.ktx2	6	32	0	65536	7699e288499e017da507263718f0d1eb26e29ea72879cd246d5d1506d5c4fbbc
uastc_medium.ktx2	8	0	0	32768	4b7ab2e421aaf6b67998d964d29459fe34644a73f4a354c601b0f0d25d3082b5
uastc_medium.ktx2	9	0	0	32768	202464c7df83ea40a6b30a97263b0df2a6cf25016d22a5dff8b193a4d20a3ea2
uastc_medium.ktx2	10	0	0	65536	92b0edd7ac7e748df95487ae0a6ba18ba52bca5de1da1ca81d3d1779fd34ddbf
uastc_medium.ktx2	13	0	0	262144	6522fe62b67bc2177ff6312e06f6c3212a975ee460f730fcae735c0fe53a54d5
uastc_medium.ktx2	14	0	0	131072	9432d94ba7667ebd15de8cfa324aa31a003669bd9f76b320d721ca34892b1107
uastc_medium.ktx2	15	0	0	131072	e80d0a579ae02f6909477b4601738be3384c9192bae7bbb042b8613fa1158c7b
uastc_medium.ktx2	16	0	0	131072	f12b2190f97b1b2458d1b35248e06785ecb288e5f84e8a9fbf65f7f8c0c152f8
uastc_medium.ktx2	20	0	0	32768	dd5b618007161697fef2c6468e0663a9c092c4506005db888cf532a4f2f592f0
uastc_medium.ktx2	20	32	0	32768	42aa11a848fc05099de47563dd15bda04fe299dda1d05c757cbeb2e0e4c928d3
uastc_medium.ktx2	21	0	0	65536	45463394a06b0ac357891381984589201d83d0d7a69d9359b5a599197e38c671
uastc_medium.ktx2	21	32	0	65536	5d40868a0920f090a3f7beca9c38e339b760c267f4f3a4d6591075028b9f8b27
xuastc_5x4.basis	13	0	0	1048576	942803a215eb6b5acc5269772b57286af9ebaaf3652f50e428836bcc7ffff7e0
xuastc_5x4.basis	13	128	0	1048576	942803a215eb6b5acc5269772b57286af9ebaaf3652f50e428836bcc7ffff7e0
xuastc_5x4.basis	13	256	0	1048576	942803a215eb6b5acc5269772b57286af9ebaaf3652f50e428836bcc7ffff7e0
xuastc_5x4.basis	13	512	0	1048576	5bbe07cfd5e2ba12d7958820b810611c2eca48cf0cf396f26674946b0751d0c6
xuastc_5x4.basis	14	0	0	524288	e91aa0c8a39684f2a2293491a7a03f09e3fbbf7d633d7e4592ec494afdb4fa8c
xuastc_5x4.basis	14	128	0	524288	e91aa0c8a39684f2a2293491a7a03f09e3fbbf7d633d7e4592ec494afdb4fa8c
xuastc_5x4.basis	14	256	0	524288	e91aa0c8a39684f2a2293491a7a03f09e3fbbf7d633d7e4592ec494afdb4fa8c
xuastc_5x4.basis	14	512	0	524288	601646694991cbaccc1b201b4b3d363c937f9664482078f9449e26683a32e097
xuastc_5x4.basis	15	0	0	524288	5b3e97d92e49aaf83f7ff89ef011b3b6c366fe5d6b9f1235105c1e31ee627142
xuastc_5x4.basis	15	128	0	524288	5b3e97d92e49aaf83f7ff89ef011b3b6c366fe5d6b9f1235105c1e31ee627142
xuastc_5x4.basis	15	256	0	524288	5b3e97d92e49aaf83f7ff89ef011b3b6c366fe5d6b9f1235105c1e31ee627142
xuastc_5x4.basis	15	512	0	524288	56ef6ffa73b62c87682d839c0e9c90f9827223c131c7a2dfd9f3054ab752fe91
xuastc_5x4.basis	16	0	0	524288	6e963ef4ab081468e7a1ae1fcf6bece548dbd7ed67a024cd818f765f43725824
xuastc_5x4.basis	16	128	0	524288	6e963ef4ab081468e7a1ae1fcf6bece548dbd7ed67a024cd818f765f43725824
xuastc_5x4.basis	16	256	0	524288	6e963ef4ab081468e7a1ae1fcf6bece548dbd7ed67a024cd818f765f43725824
xuastc_5x4.basis	16	512	0	524288	60098d37bafb22f9cafc3a207364df6581f63cfe959d1cf127190b767a2e050e
xuastc_5x4.basis	28	0	0	210944	6e5367aaff370efe8748da6cdbbe985f6b0a16f424245e3a565b1478b07d0d65
xuastc_5x4_oldscheme.ktx2	13	0	0	1048576	4d9946e7d7890824c0b4f249d69f60bfd0cfde08cbb1607b19f6a921eea5e2ae
xuastc_5x4_oldscheme.ktx2	13	128	0	1048576	4d9946e7d7890824c0b4f249d69f60bfd0cfde08cbb1607b19f6a921eea5e2ae
xuastc_5x4_oldscheme.ktx2	13	256	0	1048576	4d9946e7d7890824c0b4f249d69f60bfd0cfde08cbb1607b19f6a921eea5e2ae
xuastc_5x4_oldscheme.ktx2	13	512	0	1048576	d1a80eeb1e869c897784d5b922718517db867d3cd4a69b2e132690ef78696f75
xuastc_5x4_oldscheme.ktx2	14	0	0	524288	f5069b6f4d309bdeccf61dcded93b48ede326edbeff4e5d7a2c5c39f00cd3157
xuastc_5x4_oldscheme.ktx2	14	128	0	524288	f5069b6f4d309bdeccf61dcded93b48ede326edbeff4e5d7a2c5c39f00cd3157
xuastc_5x4_oldscheme.ktx2	14	256	0	524288	f5069b6f4d309bdeccf61dcded93b48ede326edbeff4e5d7a2c5c39f00cd3157
xuastc_5x4_oldscheme.ktx2	14	512	0	524288	696b98cc8f18cf026af740d607aa7b93f63491dbf5fe6ac9e3c00577a0925654
xuastc_5x4_oldscheme.ktx2	15	0	0	524288	5b26c8fe5d667edeb74d1a69c1ce1ce927486ba78d769ec9f8160dbda1079067
xuastc_5x4_oldscheme.ktx2	15	128	0	524288	5b26c8fe5d667edeb74d1a69c1ce1ce927486ba78d769ec9f8160dbda1079067
xuastc_5x4_oldscheme.ktx2	15	256	0	524288	5b26c8fe5d667edeb74d1a69c1ce1ce927486ba78d769ec9f8160dbda1079067
xuastc_5x4_oldscheme.ktx2	15	512	0	524288	4c87f71f204b8dc9d88f45ff119944cfd19320877153a21aec89dec0b75c4ea9
xuastc_5x4_oldscheme.ktx2	16	0	0	524288	4f05a003fc762fb21cb3d4e22aeeb66fb085443e96ee1d4ab1af2851c864d311
xuastc_5x4_oldscheme.ktx2	16	128	0	524288	4f05a003fc762fb21cb3d4e22aeeb66fb085443e96ee1d4ab1af2851c864d311
xuastc_5x4_oldscheme.ktx2	16	256	0	524288	4f05a003fc762fb21cb3d4e22aeeb66fb085443e96ee1d4ab1af2851c864d311
xuastc_5x4_oldscheme.ktx2	16	512	0	524288	485ac0b7c739e93de4a00b3b4f48cd0aab99e3aecba7137bd7403c35e45f26ae
xuastc_5x4_oldscheme.ktx2	28	0	0	210944	3148f8a414db18105add09881d0ed6680798e7f9dcc3f45623df33dfd6decf5d
xuastc_arith_12x12.ktx2	0	0	8	8	aa503bf9a253ed6a950545f57e0d8ed1c5e5d1b7857b3378c7a25d4acc90ce26
xuastc_arith_12x12.ktx2	0	4	8	8	aa503bf9a253ed6a950545f57e0d8ed1c5e5d1b7857b3378c7a25d4acc90ce26
xuastc_arith_12x12.ktx2	0	128	8	8	be9f08dbf6cbd8ea68a2bc85d5fb8ee19741f6d399b5d809d69655e990b58a63
xuastc_arith_12x12.ktx2	0	512	8	8	aa503bf9a253ed6a950545f57e0d8ed1c5e5d1b7857b3378c7a25d4acc90ce26
xuastc_arith_12x12.ktx2	0	0	9	8	5844546770c04b8cd7766cca14f88a6870a8a6cdd390dd9f7a2901b1743a2e27
xuastc_arith_12x12.ktx2	0	4	9	8	5844546770c04b8cd7766cca14f88a6870a8a6cdd390dd9f7a2901b1743a2e27
xuastc_arith_12x12.ktx2	0	128	9	8	5844546770c04b8cd7766cca14f88a6870a8a6cdd390dd9f7a2901b1743a2e27
xuastc_arith_12x12.ktx2	0	512	9	8	5844546770c04b8cd7766cca14f88a6870a8a6cdd390dd9f7a2901b1743a2e27
xuastc_arith_12x12.ktx2	1	0	8	16	9a3c35d932e022cc82a134feb54f18ca8a0a1d82b00623d0fd42e149c4810ff1
xuastc_arith_12x12.ktx2	1	32	8	16	9a3c35d932e022cc82a134feb54f18ca8a0a1d82b00623d0fd42e149c4810ff1
xuastc_arith_12x12.ktx2	1	128	8	16	61df15e0987310f3fc30796413624f2e4f7a379b2a96514c0fa761f1130a056a
xuastc_arith_12x12.ktx2	1	512	8	16	9a3c35d932e022cc82a134feb54f18ca8a0a1d82b00623d0fd42e149c4810ff1
xuastc_arith_12x12.ktx2	1	0	9	16	223866334867aeb04fc203aba9f2c683c4c7df4aafc22e3496640cecb7b93244
xuastc_arith_12x12.ktx2	1	32	9	16	223866334867aeb04fc203aba9f2c683c4c7df4aafc22e3496640cecb7b93244
xuastc_arith_12x12.ktx2	1	128	9	16	223866334867aeb04fc203aba9f2c683c4c7df4aafc22e3496640cecb7b93244
xuastc_arith_12x12.ktx2	1	512	9	16	223866334867aeb04fc203aba9f2c683c4c7df4aafc22e3496640cecb7b93244
xuastc_arith_12x12.ktx2	2	0	8	8	e1479b5be807cc074e9887428250be9f423333ce4b4a51d26403f176990d7805
xuastc_arith_12x12.ktx2	2	32	8	8	e1479b5be807cc074e9887428250be9f423333ce4b4a51d26403f176990d7805
xuastc_arith_12x12.ktx2	2	128	8	8	14e334993c66da74b4b3b65eab623ce604722ef2e52e59dc376fec2b11d47642
xuastc_arith_12x12.ktx2	2	512	8	8	e1479b5be807cc074e9887428250be9f423333ce4b4a51d26403f176990d7805
xuastc_arith_12x12.ktx2	2	0	9	8	96f95aed2687314742eb0c7f08937735e22c11dd30aaf4b202909c76f05db515
xuastc_arith_12x12.ktx2	2	32	9	8	96f95aed2687314742eb0c7f08937735e22c11dd30aaf4b202909c76f05db515
xuastc_arith_12x12.ktx2	2	128	9	8	96f95aed2687314742eb0c7f08937735e22c11dd30aaf4b202909c76f05db515
xuastc_arith_12x12.ktx2	2	512	9	8	96f95aed2687314742eb0c7f08937735e22c11dd30aaf4b202909c76f05db515
xuastc_arith_12x12.ktx2	3	0	8	16	9d884d50b87a1757cc33f46bec8321694973435e5e0543d0a93f5d07043b40de
xuastc_arith_12x12.ktx2	3	32	8	16	9d884d50b87a1757cc33f46bec8321694973435e5e0543d0a93f5d07043b40de
xuastc_arith_12x12.ktx2	3	128	8	16	b839d74368b9636ebb275c970dc6674a45907afe234063fef3846a713b9bf2e7
xuastc_arith_12x12.ktx2	3	512	8	16	9d884d50b87a1757cc33f46bec8321694973435e5e0543d0a93f5d07043b40de
xuastc_arith_12x12.ktx2	3	0	9	16	a4cfe86c81ee479d5a7d24012478fe33b83e5dba486fa856af9154f1e9a4fad2
xuastc_arith_12x12.ktx2	3	32	9	16	a4cfe86c81ee479d5a7d24012478fe33b83e5dba486fa856af9154f1e9a4fad2
xuastc_arith_12x12.ktx2	3	128	9	16	a4cfe86c81ee479d5a7d24012478fe33b83e5dba486fa856af9154f1e9a4fad2
xuastc_arith_12x12.ktx2	3	512	9	16	a4cfe86c81ee479d5a7d24012478fe33b83e5dba486fa856af9154f1e9a4fad2
xuastc_arith_12x12.ktx2	4	0	8	8	576972bfdfe81c8121cc2e8b1eb0d9dba1a8ed0a2bcf80690d86bc279b238a86
xuastc_arith_12x12.ktx2	4	4	8	8	576972bfdfe81c8121cc2e8b1eb0d9dba1a8ed0a2bcf80690d86bc279b238a86
xuastc_arith_12x12.ktx2	4	32	8	8	576972bfdfe81c8121cc2e8b1eb0d9dba1a8ed0a2bcf80690d86bc279b238a86
xuastc_arith_12x12.ktx2	4	128	8	8	325eb3f7c156c58204d5aa435747092bf5f4aedefac36d93a6a5d14da823a751
xuastc_arith_12x12.ktx2	4	512	8	8	576972bfdfe81c8121cc2e8b1eb0d9dba1a8ed0a2bcf80690d86bc279b238a86
xuastc_arith_12x12.ktx2	4	0	9	8	48fcfb51603421c8e2bf253c8e68573dd0cb2fd6d564f1d5d88628032f04ecfd
xuastc_arith_12x12.ktx2	4	4	9	8	48fcfb51603421c8e2bf253c8e68573dd0cb2fd6d564f1d5d88628032f04ecfd
xuastc_arith_12x12.ktx2	4	32	9	8	48fcfb51603421c8e2bf253c8e68573dd0cb2fd6d564f1d5d88628032f04ecfd
xuastc_arith_12x12.ktx2	4	128	9	8	48fcfb51603421c8e2bf253c8e68573dd0cb2fd6d564f1d5d88628032f04ecfd
xuastc_arith_12x12.ktx2	4	512	9	8	48fcfb51603421c8e2bf253c8e68573dd0cb2fd6d564f1d5d88628032f04ecfd
xuastc_arith_12x12.ktx2	5	0	8	16	4afc3e9e0267629d02e30f5e32db5a05db4f5d62d034eff2160044d3bf771525
xuastc_arith_12x12.ktx2	5	32	8	16	4afc3e9e0267629d02e30f5e32db5a05db4f5d62d034eff2160044d3bf771525
xuastc_arith_12x12.ktx2	5	128	8	16	a234697231df090605fa26d68e3e8121a68b179df6e45456b3d489e6f89f2fd4
xuastc_arith_12x12.ktx2	5	512	8	16	4afc3e9e0267629d02e30f5e32db5a05db4f5d62d034eff2160044d3bf771525
xuastc_arith_12x12.ktx2	5	0	9	16	13bd0a0cdddc3f664c39451e7a08eb342b32b160c516d30fc508f72a7830a2dd
xuastc_arith_12x12.ktx2	5	32	9	16	13bd0a0cdddc3f664c39451e7a08eb342b32b160c516d30fc508f72a7830a2dd
xuastc_arith_12x12.ktx2	5	128	9	16	13bd0a0cdddc3f664c39451e7a08eb342b32b160c516d30fc508f72a7830a2dd
xuastc_arith_12x12.ktx2	5	512	9	16	13bd0a0cdddc3f664c39451e7a08eb342b32b160c516d30fc508f72a7830a2dd
xuastc_arith_12x12.ktx2	6	0	8	16	bbd2552e30949f9488aa67419145ae572cce87226cae5b25f2665410c95ca268
xuastc_arith_12x12.ktx2	6	32	8	16	bbd2552e30949f9488aa67419145ae572cce87226cae5b25f2665410c95ca268
xuastc_arith_12x12.ktx2	6	128	8	16	499d8d140b6b4b754bd4553445a002b81b05f0b87156643aaa3e4eefe94df245
xuastc_arith_12x12.ktx2	6	512	8	16	bbd2552e30949f9488aa67419145ae572cce87226cae5b25f2665410c95ca268
xuastc_arith_12x12.ktx2	6	1024	8	16	bbd2552e30949f9488aa67419145ae572cce87226cae5b25f2665410c95ca268
xuastc_arith_12x12.ktx2	6	0	9	16	43d4144dcf61ac820a030218a1a0a07dcb7b703fdfeefdb98af722e6b23c5af7
xuastc_arith_12x12.ktx2	6	32	9	16	43d4144dcf61ac820a030218a1a0a07dcb7b703fdfeefdb98af722e6b23c5af7
xuastc_arith_12x12.ktx2	6	128	9	16	43d4144dcf61ac820a030218a1a0a07dcb7b703fdfeefdb98af722e6b23c5af7
xuastc_arith_12x12.ktx2	6	512	9	16	43d4144dcf61ac820a030218a1a0a07dcb7b703fdfeefdb98af722e6b23c5af7
xuastc_arith_12x12.ktx2	6	1024	9	16	43d4144dcf61ac820a030218a1a0a07dcb7b703fdfeefdb98af722e6b23c5af7
xuastc_arith_12x12.ktx2	8	0	9	8	f731947a8cb6a97b63c70d8eefc287cbea98f2949cad07d76a0b3003b3278c26
xuastc_arith_12x12.ktx2	8	4	9	8	f731947a8cb6a97b63c70d8eefc287cbea98f2949cad07d76a0b3003b3278c26
xuastc_arith_12x12.ktx2	8	128	9	8	f731947a8cb6a97b63c70d8eefc287cbea98f2949cad07d76a0b3003b3278c26
xuastc_arith_12x12.ktx2	8	512	9	8	f731947a8cb6a97b63c70d8eefc287cbea98f2949cad07d76a0b3003b3278c26
xuastc_arith_12x12.ktx2	9	0	9	8	f731947a8cb6a97b63c70d8eefc287cbea98f2949cad07d76a0b3003b3278c26
xuastc_arith_12x12.ktx2	9	128	9	8	f731947a8cb6a97b63c70d8eefc287cbea98f2949cad07d76a0b3003b3278c26
xuastc_arith_12x12.ktx2	9	512	9	8	f731947a8cb6a97b63c70d8eefc287cbea98f2949cad07d76a0b3003b3278c26
xuastc_arith_12x12.ktx2	13	0	0	1572864	2120e623ece4d1073edd931e3a51cb4ea77e25797cd85f33ea8e261bb37a3a7c
xuastc_arith_12x12.ktx2	13	128	0	1572864	7ca1c4ac403028ea4363ec4d221a680399dd73cf5f8d8db817c292eef7883e9a
xuastc_arith_12x12.ktx2	13	256	0	1572864	2120e623ece4d1073edd931e3a51cb4ea77e25797cd85f33ea8e261bb37a3a7c
xuastc_arith_12x12.ktx2	13	512	0	1572864	2120e623ece4d1073edd931e3a51cb4ea77e25797cd85f33ea8e261bb37a3a7c
xuastc_arith_12x12.ktx2	13	0	1	393216	3c9aa71df9033647e71355effb9754351d1acbfdbf42af6eadaac9d3f873353d
xuastc_arith_12x12.ktx2	13	128	1	393216	2557043b21c59ee28ac36e8869c809962f2f930e3b161ac401aacada18547fb8
xuastc_arith_12x12.ktx2	13	256	1	393216	3c9aa71df9033647e71355effb9754351d1acbfdbf42af6eadaac9d3f873353d
xuastc_arith_12x12.ktx2	13	512	1	393216	3c9aa71df9033647e71355effb9754351d1acbfdbf42af6eadaac9d3f873353d
xuastc_arith_12x12.ktx2	13	0	2	98304	67b4c0119eeb50e9677ff545306fed000f03c538a4ede2436ebc2d025e37ccbe
xuastc_arith_12x12.ktx2	13	128	2	98304	eaf2e304e6c0b871004d948a9fcccc410fc4c4c4e4933abebb70f385ee1a5dcb
xuastc_arith_12x12.ktx2	13	256	2	98304	67b4c0119eeb50e9677ff545306fed000f03c538a4ede2436ebc2d025e37ccbe
xuastc_arith_12x12.ktx2	13	512	2	98304	67b4c0119eeb50e9677ff545306fed000f03c538a4ede2436ebc2d025e37ccbe
xuastc_arith_12x12.ktx2	13	0	3	24576	697e42dc1cde73219eb9511d0609613b5014fee99bb458abc5b39ba5234057d9
xuastc_arith_12x12.ktx2	13	128	3	24576	1f18457c3afcf6acd6df892c1f554feffbc9cbc6452dbafa8674d730e8750916
xuastc_arith_12x12.ktx2	13	256	3	24576	697e42dc1cde73219eb9511d0609613b5014fee99bb458abc5b39ba5234057d9
xuastc_arith_12x12.ktx2	13	512	3	24576	697e42dc1cde73219eb9511d0609613b5014fee99bb458abc5b39ba5234057d9
xuastc_arith_12x12.ktx2	13	0	4	6144	884c3e4f6471a35f566cd26990bca8d6f9e51b7c062f51fee4f30f29e8efeb13
xuastc_arith_12x12.ktx2	13	128	4	6144	42e574e823d1c6b811ea0a2f65e93c777eae21d788fa1e1e0c5abc53b9259641
xuastc_arith_12x12.ktx2	13	256	4	6144	884c3e4f6471a35f566cd26990bca8d6f9e51b7c062f51fee4f30f29e8efeb13
xuastc_arith_12x12.ktx2	13	512	4	6144	884c3e4f6471a35f566cd26990bca8d6f9e51b7c062f51fee4f30f29e8efeb13
xuastc_arith_12x12.ktx2	13	0	5	1536	5ca5e8554035f42fbb7cd8598aa550b3f4d74961bee7e02d76ae85b687ce98e6
xuastc_arith_12x12.ktx2	13	128	5	1536	48d001066c52a5a9115c1fd98f620ff215130039e092cadfc86c55d885bd28fb
xuastc_arith_12x12.ktx2	13	256	5	1536	5ca5e8554035f42fbb7cd8598aa550b3f4d74961bee7e02d76ae85b687ce98e6
xuastc_arith_12x12.ktx2	13	512	5	1536	5ca5e8554035f42fbb7cd8598aa550b3f4d74961bee7e02d76ae85b687ce98e6
xuastc_arith_12x12.ktx2	13	0	6	384	6e0bfd79a8913d61d5dff547f44a0e22fe9ad9acc7c75c46abec5f733b318ddd
xuastc_arith_12x12.ktx2	13	128	6	384	6e0bfd79a8913d61d5dff547f44a0e22fe9ad9acc7c75c46abec5f733b318ddd
xuastc_arith_12x12.ktx2	13	256	6	384	6e0bfd79a8913d61d5dff547f44a0e22fe9ad9acc7c75c46abec5f733b318ddd
xuastc_arith_12x12.ktx2	13	512	6	384	6e0bfd79a8913d61d5dff547f44a0e22fe9ad9acc7c75c46abec5f733b318ddd
xuastc_arith_12x12.ktx2	13	0	7	96	63e9927149f83d2d3b06071679140ad268693439965f1a85377c2a3aa7c1c526
xuastc_arith_12x12.ktx2	13	128	7	96	63e9927149f83d2d3b06071679140ad268693439965f1a85377c2a3aa7c1c526
xuastc_arith_12x12.ktx2	13	256	7	96	63e9927149f83d2d3b06071679140ad268693439965f1a85377c2a3aa7c1c526
xuastc_arith_12x12.ktx2	13	512	7	96	63e9927149f83d2d3b06071679140ad268693439965f1a85377c2a3aa7c1c526
xuastc_arith_12x12.ktx2	13	0	8	24	2b6652abc5d317b2d33aa49c6acf46c89c2a2e940641976b344868d911f02e21
xuastc_arith_12x12.ktx2	13	128	8	24	2b6652abc5d317b2d33aa49c6acf46c89c2a2e940641976b344868d911f02e21
xuastc_arith_12x12.ktx2	13	256	8	24	2b6652abc5d317b2d33aa49c6acf46c89c2a2e940641976b344868d911f02e21
xuastc_arith_12x12.ktx2	13	512	8	24	2b6652abc5d317b2d33aa49c6acf46c89c2a2e940641976b344868d911f02e21
xuastc_arith_12x12.ktx2	13	0	9	4	375e7ba6eb9a1bfebdb5318d55b707ee820ae220f660d784037e7cb6190fa6c7
xuastc_arith_12x12.ktx2	13	128	9	4	375e7ba6eb9a1bfebdb5318d55b707ee820ae220f660d784037e7cb6190fa6c7
xuastc_arith_12x12.ktx2	13	256	9	4	375e7ba6eb9a1bfebdb5318d55b707ee820ae220f660d784037e7cb6190fa6c7
xuastc_arith_12x12.ktx2	13	512	9	4	375e7ba6eb9a1bfebdb5318d55b707ee820ae220f660d784037e7cb6190fa6c7
xuastc_arith_12x12.ktx2	14	0	0	786432	aa09a5e4f93dedddb84c9cf9a7a89dd1ae6dcd4e47127942156ea5c515e4fb4c
xuastc_arith_12x12.ktx2	14	128	0	786432	2702b53ae6ab1e6de4f13913d842ab3354655535c5d601d27957f399504111be
xuastc_arith_12x12.ktx2	14	256	0	786432	aa09a5e4f93dedddb84c9cf9a7a89dd1ae6dcd4e47127942156ea5c515e4fb4c
xuastc_arith_12x12.ktx2	14	512	0	786432	aa09a5e4f93dedddb84c9cf9a7a89dd1ae6dcd4e47127942156ea5c515e4fb4c
xuastc_arith_12x12.ktx2	14	0	1	196608	6393ef9f0813130ca55c1227afe1018d0c7392097c0ed45e66336a958e2a1181
xuastc_arith_12x12.ktx2	14	128	1	196608	cca3719b998fd45b4ac188123249d3f2f9f07fa27d5173d4a5b76159d9c3deef
xuastc_arith_12x12.ktx2	14	256	1	196608	6393ef9f0813130ca55c1227afe1018d0c7392097c0ed45e66336a958e2a1181
xuastc_arith_12x12.ktx2	14	512	1	196608	6393ef9f0813130ca55c1227afe1018d0c7392097c0ed45e66336a958e2a1181
xuastc_arith_12x12.ktx2	14	0	2	49152	edfb53066b53026f509b27c5a2ab56f73d08959590155e250d4ebbe5c279de77
xuastc_arith_12x12.ktx2	14	128	2	49152	fdb8a1897c001bbfe1d33b4dddb615bf4092e0a6409ef73ec9cd1e47d87b379e
xuastc_arith_12x12.ktx2	14	256	2	49152	edfb53066b53026f509b27c5a2ab56f73d08959590155e250d4ebbe5c279de77
xuastc_arith_12x12.ktx2	14	512	2	49152	edfb53066b53026f509b27c5a2ab56f73d08959590155e250d4ebbe5c279de77
xuastc_arith_12x12.ktx2	14	0	3	12288	6304568f233e4013d563837df30f139d4124d0013bacc514977fdc8c2e13329e
xuastc_arith_12x12.ktx2	14	128	3	12288	f73b205bae51d9bbb9df5ae1468731ad85192aea34ee6aef94b97dbb15beeab5
xuastc_arith_12x12.ktx2	14	256	3	12288	6304568f233e4013d563837df30f139d4124d0013bacc514977fdc8c2e13329e
xuastc_arith_12x12.ktx2	14	512	3	12288	6304568f233e4013d563837df30f139d4124d0013bacc514977fdc8c2e13329e
xuastc_arith_12x12.ktx2	14	0	4	3072	d17df01769bd6e148dfbf28c7c6bf86dceaec7d432635f02d8c762160a878d80
xuastc_arith_12x12.ktx2	14	128	4	3072	3ab521b399965939827f33ec2e97047dec31da89d64ad6469433835e1396a8a8
xuastc_arith_12x12.ktx2	14	256	4	3072	d17df01769bd6e148dfbf28c7c6bf86dceaec7d432635f02d8c762160a878d80
xuastc_arith_12x12.ktx2	14	512	4	3072	d17df01769bd6e148dfbf28c7c6bf86dceaec7d432635f02d8c762160a878d80
xuastc_arith_12x12.ktx2	14	0	5	768	a017bd773fb467d0ad36d1a389d93fd5ad438bb0a050d45722f1fc6a8904750b
xuastc_arith_12x12.ktx2	14	128	5	768	9c165c39d5deb1a73a7d6ef87507683db623d17ffb0ce4883d9acd79f1464d11
xuastc_arith_12x12.ktx2	14	256	5	768	a017bd773fb467d0ad36d1a389d93fd5ad438bb0a050d45722f1fc6a8904750b
xuastc_arith_12x12.ktx2	14	512	5	768	a017bd773fb467d0ad36d1a389d93fd5ad438bb0a050d45722f1fc6a8904750b
xuastc_arith_12x12.ktx2	14	0	6	192	59c1c8a6be98132e2cafa663ae362d030f2a96494f1bc550aaf7283cd6263e8f
xuastc_arith_12x12.ktx2	14	128	6	192	59c1c8a6be98132e2cafa663ae362d030f2a96494f1bc550aaf7283cd6263e8f
xuastc_arith_12x12.ktx2	14	256	6	192	59c1c8a6be98132e2cafa663ae362d030f2a96494f1bc550aaf7283cd6263e8f
xuastc_arith_12x12.ktx2	14	512	6	192	59c1c8a6be98132e2cafa663ae362d030f2a96494f1bc550aaf7283cd6263e8f
xuastc_arith_12x12.ktx2	14	0	7	48	9ca17031a2b285580e036f1edb55e12db09dadce4f1d2eabe254c4fb3e55422f
xuastc_arith_12x12.ktx2	14	128	7	48	9ca17031a2b285580e036f1edb55e12db09dadce4f1d2eabe254c4fb3e55422f
xuastc_arith_12x12.ktx2	14	256	7	48	9ca17031a2b285580e036f1edb55e12db09dadce4f1d2eabe254c4fb3e55422f
xuastc_arith_12x12.ktx2	14	512	7	48	9ca17031a2b285580e036f1edb55e12db09dadce4f1d2eabe254c4fb3e55422f
xuastc_arith_12x12.ktx2	14	0	8	12	ab3299e8fee50c892b99dfae65b22fab815716927d9b3be6995b56ca1b04ac7c
xuastc_arith_12x12.ktx2	14	128	8	12	ab3299e8fee50c892b99dfae65b22fab815716927d9b3be6995b56ca1b04ac7c
xuastc_arith_12x12.ktx2	14	256	8	12	ab3299e8fee50c892b99dfae65b22fab815716927d9b3be6995b56ca1b04ac7c
xuastc_arith_12x12.ktx2	14	512	8	12	ab3299e8fee50c892b99dfae65b22fab815716927d9b3be6995b56ca1b04ac7c
xuastc_arith_12x12.ktx2	14	0	9	2	b1fd532bfd61eb2b7160c258fa47a4da7b89624e8d458fd7db10a86999b1d23a
xuastc_arith_12x12.ktx2	14	128	9	2	b1fd532bfd61eb2b7160c258fa47a4da7b89624e8d458fd7db10a86999b1d23a
xuastc_arith_12x12.ktx2	14	256	9	2	b1fd532bfd61eb2b7160c258fa47a4da7b89624e8d458fd7db10a86999b1d23a
xuastc_arith_12x12.ktx2	14	512	9	2	b1fd532bfd61eb2b7160c258fa47a4da7b89624e8d458fd7db10a86999b1d23a
xuastc_arith_12x12.ktx2	15	0	0	786432	d088fd1e13a8883f5452e735013e8902f168a8ce0646cbab1b45144c67317772
xuastc_arith_12x12.ktx2	15	128	0	786432	06bb0cf44de8ab84ae5a43b112c740d769ec5eddca42a5e11dfd08e86e2b5aa6
xuastc_arith_12x12.ktx2	15	256	0	786432	d088fd1e13a8883f5452e735013e8902f168a8ce0646cbab1b45144c67317772
xuastc_arith_12x12.ktx2	15	512	0	786432	d088fd1e13a8883f5452e735013e8902f168a8ce0646cbab1b45144c67317772
xuastc_arith_12x12.ktx2	15	0	1	196608	16efa412cc4cb99f8c56cb1afb7f4fb1e0c83d014f0bcf3902d4c7e843428b21
xuastc_arith_12x12.ktx2	15	128	1	196608	c6c7dd1f4927f5ae25532af577b8b4bce9094c8dcb64b8133028567fbcef03a0
xuastc_arith_12x12.ktx2	15	256	1	196608	16efa412cc4cb99f8c56cb1afb7f4fb1e0c83d014f0bcf3902d4c7e843428b21
xuastc_arith_12x12.ktx2	15	512	1	196608	16efa412cc4cb99f8c56cb1afb7f4fb1e0c83d014f0bcf3902d4c7e843428b21
xuastc_arith_12x12.ktx2	15	0	2	49152	dc16f34ff73337862f75e489b383f5c6e065b3a091f12729709937656fbf31ce
xuastc_arith_12x12.ktx2	15	128	2	49152	f1fdf0e0bd0bd48e0689eee4a9d61da0b7148e5d90b1449c4cfa633048d54302
xuastc_arith_12x12.ktx2	15	256	2	49152	dc16f34ff73337862f75e489b383f5c6e065b3a091f12729709937656fbf31ce
xuastc_arith_12x12.ktx2	15	512	2	49152	dc16f34ff73337862f75e489b383f5c6e065b3a091f12729709937656fbf31ce
xuastc_arith_12x12.ktx2	15	0	3	12288	7f06a4f8fbe4d2f40f2364ff13c9d7071a2a28d29340d8e6529bf78ab66a21c7
xuastc_arith_12x12.ktx2	15	128	3	12288	5f6864bc13f5bfd21d8fdebf65f34625a951e303ae58821125007cb0e5d86662
xuastc_arith_12x12.ktx2	15	256	3	12288	7f06a4f8fbe4d2f40f2364ff13c9d7071a2a28d29340d8e6529bf78ab66a21c7
xuastc_arith_12x12.ktx2	15	512	3	12288	7f06a4f8fbe4d2f40f2364ff13c9d7071a2a28d29340d8e6529bf78ab66a21c7
xuastc_arith_12x12.ktx2	15	0	4	3072	75e694a79fa1bf0389ba11c8d3e13b95a08d59332dfd162eb54c8ad7e60ab79d
xuastc_arith_12x12.ktx2	15	128	4	3072	03a56c55eb55a6352ceaf0ce7a7a05679ec780be7d88671c15df9a484ce831f8
xuastc_arith_12x12.ktx2	15	256	4	3072	75e694a79fa1bf0389ba11c8d3e13b95a08d59332dfd162eb54c8ad7e60ab79d
xuastc_arith_12x12.ktx2	15	512	4	3072	75e694a79fa1bf0389ba11c8d3e13b95a08d59332dfd162eb54c8ad7e60ab79d
xuastc_arith_12x12.ktx2	15	0	5	768	9e9ad9e5b0fb9046ee475468f34ca0e0ca15cebf0c3a35f3691d47e5dba82cdf
xuastc_arith_12x12.ktx2	15	128	5	768	94a85c973e4e63439d1844cddc3243db9b3ac64e2a381cca9f88b57544276f03
xuastc_arith_12x12.ktx2	15	256	5	768	9e9ad9e5b0fb9046ee475468f34ca0e0ca15cebf0c3a35f3691d47e5dba82cdf
xuastc_arith_12x12.ktx2	15	512	5	768	9e9ad9e5b0fb9046ee475468f34ca0e0ca15cebf0c3a35f3691d47e5dba82cdf
xuastc_arith_12x12.ktx2	15	0	6	192	4c07818b1406c90c7430fca161d1a2c4425467108312486fc4b8f23a609416a6
xuastc_arith_12x12.ktx2	15	128	6	192	4c07818b1406c90c7430fca161d1a2c4425467108312486fc4b8f23a609416a6
xuastc_arith_12x12.ktx2	15	256	6	192	4c07818b1406c90c7430fca161d1a2c4425467108312486fc4b8f23a609416a6
xuastc_arith_12x12.ktx2	15	512	6	192	4c07818b1406c90c7430fca161d1a2c4425467108312486fc4b8f23a609416a6
xuastc_arith_12x12.ktx2	15	0	7	48	e06742d241b37e11d6f76573defab817146391a493e33bace4a668ae803ceda0
xuastc_arith_12x12.ktx2	15	128	7	48	e06742d241b37e11d6f76573defab817146391a493e33bace4a668ae803ceda0
xuastc_arith_12x12.ktx2	15	256	7	48	e06742d241b37e11d6f76573defab817146391a493e33bace4a668ae803ceda0
xuastc_arith_12x12.ktx2	15	512	7	48	e06742d241b37e11d6f76573defab817146391a493e33bace4a668ae803ceda0
xuastc_arith_12x12.ktx2	15	0	8	12	f87018bc2b9bcf29bb58822c2fa1ff3ca1683cf781ab1ff053a0d0d7029dac9c
xuastc_arith_12x12.ktx2	15	128	8	12	f87018bc2b9bcf29bb58822c2fa1ff3ca1683cf781ab1ff053a0d0d7029dac9c
xuastc_arith_12x12.ktx2	15	256	8	12	f87018bc2b9bcf29bb58822c2fa1ff3ca1683cf781ab1ff053a0d0d7029dac9c
xuastc_arith_12x12.ktx2	15	512	8	12	f87018bc2b9bcf29bb58822c2fa1ff3ca1683cf781ab1ff053a0d0d7029dac9c
xuastc_arith_12x12.ktx2	15	0	9	2	1589eb98e6f44b49da84586ff7a8be38027bce6db22e8760ebdc4ef2d2dc81f9
xuastc_arith_12x12.ktx2	15	128	9	2	1589eb98e6f44b49da84586ff7a8be38027bce6db22e8760ebdc4ef2d2dc81f9
xuastc_arith_12x12.ktx2	15	256	9	2	1589eb98e6f44b49da84586ff7a8be38027bce6db22e8760ebdc4ef2d2dc81f9
xuastc_arith_12x12.ktx2	15	512	9	2	1589eb98e6f44b49da84586ff7a8be38027bce6db22e8760ebdc4ef2d2dc81f9
xuastc_arith_12x12.ktx2	16	0	0	786432	f476d820f3b082d4c73be57a15df68cd43e7944be05e35caecf42c2e4e868b29
xuastc_arith_12x12.ktx2	16	128	0	786432	c25aed1765b9f47417067d180a30025cfce1225cfc1402d80d63254b245f44d6
xuastc_arith_12x12.ktx2	16	256	0	786432	f476d820f3b082d4c73be57a15df68cd43e7944be05e35caecf42c2e4e868b29
xuastc_arith_12x12.ktx2	16	512	0	786432	f476d820f3b082d4c73be57a15df68cd43e7944be05e35caecf42c2e4e868b29
xuastc_arith_12x12.ktx2	16	0	1	196608	cc297d60e4532e4a1de35f2088c1a7d3cfbdf0c1cd59ac18999dd5b83ffdca32
xuastc_arith_12x12.ktx2	16	128	1	196608	74b04ada802ce4181fcf760f11f2fdef4139826e6f25b7c8d021bf336f9c1a4d
xuastc_arith_12x12.ktx2	16	256	1	196608	cc297d60e4532e4a1de35f2088c1a7d3cfbdf0c1cd59ac18999dd5b83ffdca32
xuastc_arith_12x12.ktx2	16	512	1	196608	cc297d60e4532e4a1de35f2088c1a7d3cfbdf0c1cd59ac18999dd5b83ffdca32
xuastc_arith_12x12.ktx2	16	0	2	49152	f6f608bd393669320df959119d907a67346fbba454e51f0b4bdd4b689a4a2b09
xuastc_arith_12x12.ktx2	16	128	2	49152	3047ff2bd78c8d5ed8e112bc9dece62d3da85ba7c9ab31c13c1156d86dbc3d00
xuastc_arith_12x12.ktx2	16	256	2	49152	f6f608bd393669320df959119d907a67346fbba454e51f0b4bdd4b689a4a2b09
xuastc_arith_12x12.ktx2	16	512	2	49152	f6f608bd393669320df959119d907a67346fbba454e51f0b4bdd4b689a4a2b09
xuastc_arith_12x12.ktx2	16	0	3	12288	11d1dc44d8ee68bcaf14695711129ddb57064596f48bfdefd3a6575a244a3371
xuastc_arith_12x12.ktx2	16	128	3	12288	2e04de8b05e7e5e9590db97d2e21d2c7e7fde92caa80441033c2431cdad55459
xuastc_arith_12x12.ktx2	16	256	3	12288	11d1dc44d8ee68bcaf14695711129ddb57064596f48bfdefd3a6575a244a3371
xuastc_arith_12x12.ktx2	16	512	3	12288	11d1dc44d8ee68bcaf14695711129ddb57064596f48bfdefd3a6575a244a3371
xuastc_arith_12x12.ktx2	16	0	4	3072	f32900a503c7147a5a2dd71c2fa172190181fdf8316d56661455502b0eb31d47
xuastc_arith_12x12.ktx2	16	128	4	3072	3510cd88c204a6fc0eb440dc9a3c9291894a2a0e0918f29d7c714e62a72a3d5a
xuastc_arith_12x12.ktx2	16	256	4	3072	f32900a503c7147a5a2dd71c2fa172190181fdf8316d56661455502b0eb31d47
xuastc_arith_12x12.ktx2	16	512	4	3072	f32900a503c7147a5a2dd71c2fa172190181fdf8316d56661455502b0eb31d47
xuastc_arith_12x12.ktx2	16	0	5	768	59f4fe9434b31ec732b1a980b03a0b406c55b285c4d15f389cab4ebd384dda71
xuastc_arith_12x12.ktx2	16	128	5	768	f70c110e7f636aa434dd26355e363dcb709467718d1d86e4e311cde21d175d58
xuastc_arith_12x12.ktx2	16	256	5	768	59f4fe9434b31ec732b1a980b03a0b406c55b285c4d15f389cab4ebd384dda71
xuastc_arith_12x12.ktx2	16	512	5	768	59f4fe9434b31ec732b1a980b03a0b406c55b285c4d15f389cab4ebd384dda71
xuastc_arith_12x12.ktx2	16	0	6	192	ea549088cd9243e441bd069ecc443c37286da9274dce072e062543468c43a790
xuastc_arith_12x12.ktx2	16	128	6	192	ea549088cd9243e441bd069ecc443c37286da9274dce072e062543468c43a790
xuastc_arith_12x12.ktx2	16	256	6	192	ea549088cd9243e441bd069ecc443c37286da9274dce072e062543468c43a790
xuastc_arith_12x12.ktx2	16	512	6	192	ea549088cd9243e441bd069ecc443c37286da9274dce072e062543468c43a790
xuastc_arith_12x12.ktx2	16	0	7	48	21974d02a1d7d34bf1f1e743e3c830bfedc5da5c7d27428b69ccc42941b1dda4
xuastc_arith_12x12.ktx2	16	128	7	48	21974d02a1d7d34bf1f1e743e3c830bfedc5da5c7d27428b69ccc42941b1dda4
xuastc_arith_12x12.ktx2	16	256	7	48	21974d02a1d7d34bf1f1e743e3c830bfedc5da5c7d27428b69ccc42941b1dda4
xuastc_arith_12x12.ktx2	16	512	7	48	21974d02a1d7d34bf1f1e743e3c830bfedc5da5c7d27428b69ccc42941b1dda4
xuastc_arith_12x12.ktx2	16	0	8	12	900d30d4e4ce0444deb39ea6bb8d24247a214de0e95bdc77ae9c006a88638732
xuastc_arith_12x12.ktx2	16	128	8	12	900d30d4e4ce0444deb39ea6bb8d24247a214de0e95bdc77ae9c006a88638732
xuastc_arith_12x12.ktx2	16	256	8	12	900d30d4e4ce0444deb39ea6bb8d24247a214de0e95bdc77ae9c006a88638732
xuastc_arith_12x12.ktx2	16	512	8	12	900d30d4e4ce0444deb39ea6bb8d24247a214de0e95bdc77ae9c006a88638732
xuastc_arith_12x12.ktx2	16	0	9	2	f3f58dcd13a2ffa76d7c4b777fcfe54a4e68fbc0a0cf7e052de86714b975ac5b
xuastc_arith_12x12.ktx2	16	128	9	2	f3f58dcd13a2ffa76d7c4b777fcfe54a4e68fbc0a0cf7e052de86714b975ac5b
xuastc_arith_12x12.ktx2	16	256	9	2	f3f58dcd13a2ffa76d7c4b777fcfe54a4e68fbc0a0cf7e052de86714b975ac5b
xuastc_arith_12x12.ktx2	16	512	9	2	f3f58dcd13a2ffa76d7c4b777fcfe54a4e68fbc0a0cf7e052de86714b975ac5b
xuastc_arith_12x12.ktx2	20	0	8	8	28ac2fac1509aca0644488ad5f8220a58acc319d39eb372d3d94de0f10080f2f
xuastc_arith_12x12.ktx2	20	4	8	8	28ac2fac1509aca0644488ad5f8220a58acc319d39eb372d3d94de0f10080f2f
xuastc_arith_12x12.ktx2	20	32	8	8	6521899feae931c80b564fd002bb531347f28548cb77d916c475c75cc305c286
xuastc_arith_12x12.ktx2	20	128	8	8	6e24a3d0aa86744e679a07a7c99980ec0b1126dc1a35cecde3c4a5659721e6f7
xuastc_arith_12x12.ktx2	20	512	8	8	28ac2fac1509aca0644488ad5f8220a58acc319d39eb372d3d94de0f10080f2f
xuastc_arith_12x12.ktx2	20	0	9	8	4cfa53450731a4de0a054688e61f8fca0c70b5d51bb7f821797a7d6b18689773
xuastc_arith_12x12.ktx2	20	4	9	8	4cfa53450731a4de0a054688e61f8fca0c70b5d51bb7f821797a7d6b18689773
xuastc_arith_12x12.ktx2	20	32	9	8	4cfa53450731a4de0a054688e61f8fca0c70b5d51bb7f821797a7d6b18689773
xuastc_arith_12x12.ktx2	20	128	9	8	4cfa53450731a4de0a054688e61f8fca0c70b5d51bb7f821797a7d6b18689773
xuastc_arith_12x12.ktx2	20	512	9	8	4cfa53450731a4de0a054688e61f8fca0c70b5d51bb7f821797a7d6b18689773
xuastc_arith_12x12.ktx2	21	0	8	16	8717b58aa4b228abeb9878a05cb134e621bf0cae2191a3f73346f9fc788d3a3d
xuastc_arith_12x12.ktx2	21	32	8	16	9f8a67a89188cfa0863c40a3271ab8598f7591421867a45348d41ea43c08617d
xuastc_arith_12x12.ktx2	21	128	8	16	ea5c9afa44edcc7104155e761aa368e1a058076697b62ecf54eed8ff0b3dd5b7
xuastc_arith_12x12.ktx2	21	512	8	16	8717b58aa4b228abeb9878a05cb134e621bf0cae2191a3f73346f9fc788d3a3d
xuastc_arith_12x12.ktx2	21	0	9	16	fb714d431fa757685d1633b56ed44a06806f389d7c869bd47363d7d58c67d204
xuastc_arith_12x12.ktx2	21	32	9	16	fb714d431fa757685d1633b56ed44a06806f389d7c869bd47363d7d58c67d204
xuastc_arith_12x12.ktx2	21	128	9	16	fb714d431fa757685d1633b56ed44a06806f389d7c869bd47363d7d58c67d204
xuastc_arith_12x12.ktx2	21	512	9	16	fb714d431fa757685d1633b56ed44a06806f389d7c869bd47363d7d58c67d204
xuastc_arith_12x12.ktx2	40	0	0	44032	4480d55c8826e20d0047d9273a78a18fe8918f0a8354c3aa80b6c07e2215da94
xuastc_arith_12x12.ktx2	40	0	1	11264	0c60fb1e3b49d6d9275c87ab01c9dd2d44f88516ea220d57d203ff72c57e7241
xuastc_arith_12x12.ktx2	40	0	2	2816	fde4e80767ca56e14a1086ae6436028214591a2f15034985229e4fee5b221b0d
xuastc_arith_12x12.ktx2	40	0	3	768	07100d96113eca846ad65f6141f14ce7e3e9093ac20d941656c15221ac7dbea4
xuastc_arith_12x12.ktx2	40	0	4	192	bed4979feb5242aa805243371a3a51c973f8a630ce17a7288e6cfbae8ba62daf
xuastc_arith_12x12.ktx2	40	0	5	64	05384d1999096b457eba512bdd1d384e8a196c7688b065ab0d664e1c763f65a9
xuastc_arith_12x12.ktx2	40	0	6	16	e77ea48ecac470a7ae887560a22ecc4a796ee10179a9b7fa928b5abcc27b829a
xuastc_arith_12x12.ktx2	40	0	7	16	e223a6772719e7028c26cfe34f3513543a3268c27701a630b9995ab567c1dc2c
xuastc_arith_12x12.ktx2	40	0	8	16	da925e2b90f1ed24280c0d161aaf5365392773d652b392dbc3188d269efc3f33
xuastc_arith_12x12.ktx2	40	0	9	16	0fea6b55c4370ac60e4bde4049b2800d165413d705d13afce8ac5ce52826ba63
xuastc_zstd_12x12.ktx2	0	0	8	8	71692cbcd6a36644370485b5c7c43db05776b908203b39e79d753b0b11b02f87
xuastc_zstd_12x12.ktx2	0	4	8	8	71692cbcd6a36644370485b5c7c43db05776b908203b39e79d753b0b11b02f87
xuastc_zstd_12x12.ktx2	0	128	8	8	71692cbcd6a36644370485b5c7c43db05776b908203b39e79d753b0b11b02f87
xuastc_zstd_12x12.ktx2	0	512	8	8	71692cbcd6a36644370485b5c7c43db05776b908203b39e79d753b0b11b02f87
xuastc_zstd_12x12.ktx2	0	0	9	8	e9a431587cbd10b9446d65c5c42bfff6f3d1e68007949c939138efecd31bd11e
xuastc_zstd_12x12.ktx2	0	4	9	8	e9a431587cbd10b9446d65c5c42bfff6f3d1e68007949c939138efecd31bd11e
xuastc_zstd_12x12.ktx2	0	128	9	8	e9a431587cbd10b9446d65c5c42bfff6f3d1e68007949c939138efecd31bd11e
xuastc_zstd_12x12.ktx2	0	512	9	8	e9a431587cbd10b9446d65c5c42bfff6f3d1e68007949c939138efecd31bd11e
xuastc_zstd_12x12.ktx2	1	0	8	16	1f3f470d3a81b99034749f9271cf8aa686cdad369a3e7022d511e1e845b9df22
xuastc_zstd_12x12.ktx2	1	32	8	16	1f3f470d3a81b99034749f9271cf8aa686cdad369a3e7022d511e1e845b9df22
xuastc_zstd_12x12.ktx2	1	128	8	16	1f3f470d3a81b99034749f9271cf8aa686cdad369a3e7022d511e1e845b9df22
xuastc_zstd_12x12.ktx2	1	512	8	16	1f3f470d3a81b99034749f9271cf8aa686cdad369a3e7022d511e1e845b9df22
xuastc_zstd_12x12.ktx2	1	0	9	16	2615db9b13ad182258ec6e9f7f5fa094fd0396d6f63d72a3b4f1dfe101de61fe
xuastc_zstd_12x12.ktx2	1	32	9	16	2615db9b13ad182258ec6e9f7f5fa094fd0396d6f63d72a3b4f1dfe101de61fe
xuastc_zstd_12x12.ktx2	1	128	9	16	2615db9b13ad182258ec6e9f7f5fa094fd0396d6f63d72a3b4f1dfe101de61fe
xuastc_zstd_12x12.ktx2	1	512	9	16	2615db9b13ad182258ec6e9f7f5fa094fd0396d6f63d72a3b4f1dfe101de61fe
xuastc_zstd_12x12.ktx2	2	0	8	8	f4d048329a1139262c33bc37f64b698d58fe6d5877452dc367b5885e54ea835a
xuastc_zstd_12x12.ktx2	2	32	8	8	9cdb1329b3afac4849a1bd378d523df967a4ca0067e1abfb5236a377e98f84cb
xuastc_zstd_12x12.ktx2	2	128	8	8	f4d048329a1139262c33bc37f64b698d58fe6d5877452dc367b5885e54ea835a
xuastc_zstd_12x12.ktx2	2	512	8	8	f4d048329a1139262c33bc37f64b698d58fe6d5877452dc367b5885e54ea835a
xuastc_zstd_12x12.ktx2	2	0	9	8	b336ddf21d2b286d43a66d63f2c632993d7d3d1ac9de1e74fa3e175e7c9fcace
xuastc_zstd_12x12.ktx2	2	32	9	8	b336ddf21d2b286d43a66d63f2c632993d7d3d1ac9de1e74fa3e175e7c9fcace
xuastc_zstd_12x12.ktx2	2	128	9	8	b336ddf21d2b286d43a66d63f2c632993d7d3d1ac9de1e74fa3e175e7c9fcace
xuastc_zstd_12x12.ktx2	2	512	9	8	b336ddf21d2b286d43a66d63f2c632993d7d3d1ac9de1e74fa3e175e7c9fcace
xuastc_zstd_12x12.ktx2	3	0	8	16	5df4d9497a8221ac0820d56743d1fd50ee76cfe7fabe8f2731c1401baa9b54e4
xuastc_zstd_12x12.ktx2	3	32	8	16	c3a11769cb0ff343f02e9dc35ceaf5688dd4d3c428f4e9144cb8660178e75ef8
xuastc_zstd_12x12.ktx2	3	128	8	16	5df4d9497a8221ac0820d56743d1fd50ee76cfe7fabe8f2731c1401baa9b54e4
xuastc_zstd_12x12.ktx2	3	512	8	16	5df4d9497a8221ac0820d56743d1fd50ee76cfe7fabe8f2731c1401baa9b54e4
xuastc_zstd_12x12.ktx2	3	0	9	16	3bd0ef9365ad3ca3199dc29546bf9eb5bca90e2edf195f45bf35503b78ae2800
xuastc_zstd_12x12.ktx2	3	32	9	16	3bd0ef9365ad3ca3199dc29546bf9eb5bca90e2edf195f45bf35503b78ae2800
xuastc_zstd_12x12.ktx2	3	128	9	16	3bd0ef9365ad3ca3199dc29546bf9eb5bca90e2edf195f45bf35503b78ae2800
xuastc_zstd_12x12.ktx2	3	512	9	16	3bd0ef9365ad3ca3199dc29546bf9eb5bca90e2edf195f45bf35503b78ae2800
xuastc_zstd_12x12.ktx2	4	0	8	8	9c16e5e9c0ac3e4f5b3f4969b5ece3020ba460c939bfb6aa8de3878b72841705
xuastc_zstd_12x12.ktx2	4	4	8	8	9c16e5e9c0ac3e4f5b3f4969b5ece3020ba460c939bfb6aa8de3878b72841705
xuastc_zstd_12x12.ktx2	4	32	8	8	9c16e5e9c0ac3e4f5b3f4969b5ece3020ba460c939bfb6aa8de3878b72841705
xuastc_zstd_12x12.ktx2	4	128	8	8	9c16e5e9c0ac3e4f5b3f4969b5ece3020ba460c939bfb6aa8de3878b72841705
xuastc_zstd_12x12.ktx2	4	512	8	8	9c16e5e9c0ac3e4f5b3f4969b5ece3020ba460c939bfb6aa8de3878b72841705
xuastc_zstd_12x12.ktx2	4	0	9	8	0e2c99071546a837effda9dcafaa0cbf26826a9c41645791f3ba15b3ab63fa1d
xuastc_zstd_12x12.ktx2	4	4	9	8	0e2c99071546a837effda9dcafaa0cbf26826a9c41645791f3ba15b3ab63fa1d
xuastc_zstd_12x12.ktx2	4	32	9	8	0e2c99071546a837effda9dcafaa0cbf26826a9c41645791f3ba15b3ab63fa1d
xuastc_zstd_12x12.ktx2	4	128	9	8	0e2c99071546a837effda9dcafaa0cbf26826a9c41645791f3ba15b3ab63fa1d
xuastc_zstd_12x12.ktx2	4	512	9	8	0e2c99071546a837effda9dcafaa0cbf26826a9c41645791f3ba15b3ab63fa1d
xuastc_zstd_12x12.ktx2	5	0	8	16	42e84a0a2b9d330418af63879440c51482ddeae8c492996b767f73720a832dd5
xuastc_zstd_12x12.ktx2	5	32	8	16	42e84a0a2b9d330418af63879440c51482ddeae8c492996b767f73720a832dd5
xuastc_zstd_12x12.ktx2	5	128	8	16	42e84a0a2b9d330418af63879440c51482ddeae8c492996b767f73720a832dd5
xuastc_zstd_12x12.ktx2	5	512	8	16	42e84a0a2b9d330418af63879440c51482ddeae8c492996b767f73720a832dd5
xuastc_zstd_12x12.ktx2	5	0	9	16	2f3d2e60de514d21f3bfac3ca93bafe532a193f3159a4b9ec39d67666ef15903
xuastc_zstd_12x12.ktx2	5	32	9	16	2f3d2e60de514d21f3bfac3ca93bafe532a193f3159a4b9ec39d67666ef15903
xuastc_zstd_12x12.ktx2	5	128	9	16	2f3d2e60de514d21f3bfac3ca93bafe532a193f3159a4b9ec39d67666ef15903
xuastc_zstd_12x12.ktx2	5	512	9	16	2f3d2e60de514d21f3bfac3ca93bafe532a193f3159a4b9ec39d67666ef15903
xuastc_zstd_12x12.ktx2	6	0	8	16	ba351ef8911f3a5dcd618fdda609e8854b6e553c7aa0c1972bcf0191e3952c7a
xuastc_zstd_12x12.ktx2	6	32	8	16	ba351ef8911f3a5dcd618fdda609e8854b6e553c7aa0c1972bcf0191e3952c7a
xuastc_zstd_12x12.ktx2	6	128	8	16	ba351ef8911f3a5dcd618fdda609e8854b6e553c7aa0c1972bcf0191e3952c7a
xuastc_zstd_12x12.ktx2	6	512	8	16	ba351ef8911f3a5dcd618fdda609e8854b6e553c7aa0c1972bcf0191e3952c7a
xuastc_zstd_12x12.ktx2	6	1024	8	16	ba351ef8911f3a5dcd618fdda609e8854b6e553c7aa0c1972bcf0191e3952c7a
xuastc_zstd_12x12.ktx2	6	0	9	16	6e4110c384515d5ab755efc934aea93ec996e4a037178c7d6e0528f215a6bc20
xuastc_zstd_12x12.ktx2	6	32	9	16	6e4110c384515d5ab755efc934aea93ec996e4a037178c7d6e0528f215a6bc20
xuastc_zstd_12x12.ktx2	6	128	9	16	6e4110c384515d5ab755efc934aea93ec996e4a037178c7d6e0528f215a6bc20
xuastc_zstd_12x12.ktx2	6	512	9	16	6e4110c384515d5ab755efc934aea93ec996e4a037178c7d6e0528f215a6bc20
xuastc_zstd_12x12.ktx2	6	1024	9	16	6e4110c384515d5ab755efc934aea93ec996e4a037178c7d6e0528f215a6bc20
xuastc_zstd_12x12.ktx2	8	0	9	8	e8421066d1f335c3fa1e5bb40ee1d021e55bebab52cd690af25edcb81d1b06ee
xuastc_zstd_12x12.ktx2	8	4	9	8	e8421066d1f335c3fa1e5bb40ee1d021e55bebab52cd690af25edcb81d1b06ee
xuastc_zstd_12x12.ktx2	8	128	9	8	e8421066d1f335c3fa1e5bb40ee1d021e55bebab52cd690af25edcb81d1b06ee
xuastc_zstd_12x12.ktx2	8	512	9	8	e8421066d1f335c3fa1e5bb40ee1d021e55bebab52cd690af25edcb81d1b06ee
xuastc_zstd_12x12.ktx2	9	0	9	8	e8421066d1f335c3fa1e5bb40ee1d021e55bebab52cd690af25edcb81d1b06ee
xuastc_zstd_12x12.ktx2	9	128	9	8	e8421066d1f335c3fa1e5bb40ee1d021e55bebab52cd690af25edcb81d1b06ee
xuastc_zstd_12x12.ktx2	9	512	9	8	e8421066d1f335c3fa1e5bb40ee1d021e55bebab52cd690af25edcb81d1b06ee
xuastc_zstd_12x12.ktx2	13	0	0	1572864	a713d3a6493b85a0d09c571b596a9ae2a7860a8709fdaa5e85abd7abd844ad11
xuastc_zstd_12x12.ktx2	13	128	0	1572864	0ae26cc48672f470d18f6ec732f4ee5b66f130c8b1f4774b23ae87c7b5266401
xuastc_zstd_12x12.ktx2	13	256	0	1572864	a713d3a6493b85a0d09c571b596a9ae2a7860a8709fdaa5e85abd7abd844ad11
xuastc_zstd_12x12.ktx2	13	512	0	1572864	a713d3a6493b85a0d09c571b596a9ae2a7860a8709fdaa5e85abd7abd844ad11
xuastc_zstd_12x12.ktx2	13	0	1	393216	a7ed46d474b663bcfae2e0aa806019a5310ae26d1489cea0a2d1171578d77264
xuastc_zstd_12x12.ktx2	13	128	1	393216	a89b88a620c3de25f649f768dbc4b71551354b62dbc005c22ae006d1e45d132d
xuastc_zstd_12x12.ktx2	13	256	1	393216	a7ed46d474b663bcfae2e0aa806019a5310ae26d1489cea0a2d1171578d77264
xuastc_zstd_12x12.ktx2	13	512	1	393216	a7ed46d474b663bcfae2e0aa806019a5310ae26d1489cea0a2d1171578d77264
xuastc_zstd_12x12.ktx2	13	0	2	98304	dfe7e31cc4bcff7f726992ce661a18b4a19f58c851970b372f0b8b0b9e59f270
xuastc_zstd_12x12.ktx2	13	128	2	98304	e369370c03202c5a7f17638f507da1342dcaee81d3d8e184c277d6e2303f9a6d
xuastc_zstd_12x12.ktx2	13	256	2	98304	dfe7e31cc4bcff7f726992ce661a18b4a19f58c851970b372f0b8b0b9e59f270
xuastc_zstd_12x12.ktx2	13	512	2	98304	dfe7e31cc4bcff7f726992ce661a18b4a19f58c851970b372f0b8b0b9e59f270
xuastc_zstd_12x12.ktx2	13	0	3	24576	1226d8dfd02dba7b09d7bb1587f254ddd298e863a0cb5947145ee21c0c328bf7
xuastc_zstd_12x12.ktx2	13	128	3	24576	c01198be082a928c1b59d2cf51be680212ff040d586274c635bd66e111397b41
xuastc_zstd_12x12.ktx2	13	256	3	24576	1226d8dfd02dba7b09d7bb1587f254ddd298e863a0cb5947145ee21c0c328bf7
xuastc_zstd_12x12.ktx2	13	512	3	24576	1226d8dfd02dba7b09d7bb1587f254ddd298e863a0cb5947145ee21c0c328bf7
xuastc_zstd_12x12.ktx2	13	0	4	6144	a7429c9c8c421113e65c3dd1f6fd54278867e78a76e5b876e1c29604b5acfe7b
xuastc_zstd_12x12.ktx2	13	128	4	6144	97f1d27b40c2ea6dbd9be4dee370692811565f0f7cbcbc4252257761c8a0e641
xuastc_zstd_12x12.ktx2	13	256	4	6144	a7429c9c8c421113e65c3dd1f6fd54278867e78a76e5b876e1c29604b5acfe7b
xuastc_zstd_12x12.ktx2	13	512	4	6144	a7429c9c8c421113e65c3dd1f6fd54278867e78a76e5b876e1c29604b5acfe7b
xuastc_zstd_12x12.ktx2	13	0	5	1536	5b25ea446c5034da5f0fde1e53c3b39d9cdf0c0823319557327dad0d581b6cf9
xuastc_zstd_12x12.ktx2	13	128	5	1536	c45143ce5203c4b7a9c4a0392b00e989b5a4cb8e63cc64380684a7ab692b291c
xuastc_zstd_12x12.ktx2	13	256	5	1536	5b25ea446c5034da5f0fde1e53c3b39d9cdf0c0823319557327dad0d581b6cf9
xuastc_zstd_12x12.ktx2	13	512	5	1536	5b25ea446c5034da5f0fde1e53c3b39d9cdf0c0823319557327dad0d581b6cf9
xuastc_zstd_12x12.ktx2	13	0	6	384	4836e7649fb0b7dd1fd8a1c5788b30a051db908a3618c5dd19370df8ca998d59
xuastc_zstd_12x12.ktx2	13	128	6	384	4836e7649fb0b7dd1fd8a1c5788b30a051db908a3618c5dd19370df8ca998d59
xuastc_zstd_12x12.ktx2	13	256	6	384	4836e7649fb0b7dd1fd8a1c5788b30a051db908a3618c5dd19370df8ca998d59
xuastc_zstd_12x12.ktx2	13	512	6	384	4836e7649fb0b7dd1fd8a1c5788b30a051db908a3618c5dd19370df8ca998d59
xuastc_zstd_12x12.ktx2	13	0	7	96	a26a69ce885a0b098abafba45770655706c45cf208c120f75e1cfe7524cdcd96
xuastc_zstd_12x12.ktx2	13	128	7	96	a26a69ce885a0b098abafba45770655706c45cf208c120f75e1cfe7524cdcd96
xuastc_zstd_12x12.ktx2	13	256	7	96	a26a69ce885a0b098abafba45770655706c45cf208c120f75e1cfe7524cdcd96
xuastc_zstd_12x12.ktx2	13	512	7	96	a26a69ce885a0b098abafba45770655706c45cf208c120f75e1cfe7524cdcd96
xuastc_zstd_12x12.ktx2	13	0	8	24	ff6049b32981e743e55fe5b3a9d765e264bc1ffe6fda64100c34bcfc143150c7
xuastc_zstd_12x12.ktx2	13	128	8	24	ff6049b32981e743e55fe5b3a9d765e264bc1ffe6fda64100c34bcfc143150c7
xuastc_zstd_12x12.ktx2	13	256	8	24	ff6049b32981e743e55fe5b3a9d765e264bc1ffe6fda64100c34bcfc143150c7
xuastc_zstd_12x12.ktx2	13	512	8	24	ff6049b32981e743e55fe5b3a9d765e264bc1ffe6fda64100c34bcfc143150c7
xuastc_zstd_12x12.ktx2	13	0	9	4	e4eef6b3414a18cf45fc784a5f516dd6b72d709b4d5d65a1ff272d26f02f60cb
xuastc_zstd_12x12.ktx2	13	128	9	4	e4eef6b3414a18cf45fc784a5f516dd6b72d709b4d5d65a1ff272d26f02f60cb
xuastc_zstd_12x12.ktx2	13	256	9	4	e4eef6b3414a18cf45fc784a5f516dd6b72d709b4d5d65a1ff272d26f02f60cb
xuastc_zstd_12x12.ktx2	13	512	9	4	e4eef6b3414a18cf45fc784a5f516dd6b72d709b4d5d65a1ff272d26f02f60cb
xuastc_zstd_12x12.ktx2	14	0	0	786432	67d6d34acbafdb0d904800f75af4e1e4e385af991d54b1c3c61860376188d99c
xuastc_zstd_12x12.ktx2	14	128	0	786432	466d3b4dcc4056e9171aee9cbde0d0d30fd5752210278afd30f6301e12b6f97a
xuastc_zstd_12x12.ktx2	14	256	0	786432	67d6d34acbafdb0d904800f75af4e1e4e385af991d54b1c3c61860376188d99c
xuastc_zstd_12x12.ktx2	14	512	0	786432	67d6d34acbafdb0d904800f75af4e1e4e385af991d54b1c3c61860376188d99c
xuastc_zstd_12x12.ktx2	14	0	1	196608	2f70e1cdb83ae4eced67ed7c77b5e01c05a27d91f8f68dc7d8adafb0720e257f
xuastc_zstd_12x12.ktx2	14	128	1	196608	ae73bde6a28c10d0fe3b77adb1030d577abd0ed7c7bb7490434f90fb22ad64b0
xuastc_zstd_12x12.ktx2	14	256	1	196608	2f70e1cdb83ae4eced67ed7c77b5e01c05a27d91f8f68dc7d8adafb0720e257f
xuastc_zstd_12x12.ktx2	14	512	1	196608	2f70e1cdb83ae4eced67ed7c77b5e01c05a27d91f8f68dc7d8adafb0720e257f
xuastc_zstd_12x12.ktx2	14	0	2	49152	05af1b31e92f3e3e485a9ece99e747c2512cf1f85309602ce4e8c22e13a8f5a3
xuastc_zstd_12x12.ktx2	14	128	2	49152	a649c2c3e35ffea2971bc6c494e4677479c37628044e3c2b9ad475922c1bda11
xuastc_zstd_12x12.ktx2	14	256	2	49152	05af1b31e92f3e3e485a9ece99e747c2512cf1f85309602ce4e8c22e13a8f5a3
xuastc_zstd_12x12.ktx2	14	512	2	49152	05af1b31e92f3e3e485a9ece99e747c2512cf1f85309602ce4e8c22e13a8f5a3
xuastc_zstd_12x12.ktx2	14	0	3	12288	bcf32f0a855b921afc6af1de133b82acc4e3a0bf6992e5273c7691aa41e66376
xuastc_zstd_12x12.ktx2	14	128	3	12288	d0fd0c7e76b50a232a2b24209028218e461f26953ee23a49058b38e21f484a8e
xuastc_zstd_12x12.ktx2	14	256	3	12288	bcf32f0a855b921afc6af1de133b82acc4e3a0bf6992e5273c7691aa41e66376
xuastc_zstd_12x12.ktx2	14	512	3	12288	bcf32f0a855b921afc6af1de133b82acc4e3a0bf6992e5273c7691aa41e66376
xuastc_zstd_12x12.ktx2	14	0	4	3072	580147b959c99cc37fa6447a0719267294134005076a0514e2df4e498d354cca
xuastc_zstd_12x12.ktx2	14	128	4	3072	99eab1d58b3454f9e1e78303f5b8beb1bcd6ce6679252b0ec18cee676d2df99b
xuastc_zstd_12x12.ktx2	14	256	4	3072	580147b959c99cc37fa6447a0719267294134005076a0514e2df4e498d354cca
xuastc_zstd_12x12.ktx2	14	512	4	3072	580147b959c99cc37fa6447a0719267294134005076a0514e2df4e498d354cca
xuastc_zstd_12x12.ktx2	14	0	5	768	d83435fabff75e8fac55b1ac8e35fe0f8c701e909b47ab840ac72680dd8d5620
xuastc_zstd_12x12.ktx2	14	128	5	768	f8193e38d11dc30be8788399beb6a72406220cd4538d7a713f05e1e307105bc4
xuastc_zstd_12x12.ktx2	14	256	5	768	d83435fabff75e8fac55b1ac8e35fe0f8c701e909b47ab840ac72680dd8d5620
xuastc_zstd_12x12.ktx2	14	512	5	768	d83435fabff75e8fac55b1ac8e35fe0f8c701e909b47ab840ac72680dd8d5620
xuastc_zstd_12x12.ktx2	14	0	6	192	404bdf001c466273fcb2b514c0a7eff756605c6679fe73a88379a04d8cc6bad2
xuastc_zstd_12x12.ktx2	14	128	6	192	404bdf001c466273fcb2b514c0a7eff756605c6679fe73a88379a04d8cc6bad2
xuastc_zstd_12x12.ktx2	14	256	6	192	404bdf001c466273fcb2b514c0a7eff756605c6679fe73a88379a04d8cc6bad2
xuastc_zstd_12x12.ktx2	14	512	6	192	404bdf001c466273fcb2b514c0a7eff756605c6679fe73a88379a04d8cc6bad2
xuastc_zstd_12x12.ktx2	14	0	7	48	aaefe36eb09ee51a3722e608836324c171c961ae7d17a9e362a06511101ed3bd
xuastc_zstd_12x12.ktx2	14	128	7	48	aaefe36eb09ee51a3722e608836324c171c961ae7d17a9e362a06511101ed3bd
xuastc_zstd_12x12.ktx2	14	256	7	48	aaefe36eb09ee51a3722e608836324c171c961ae7d17a9e362a06511101ed3bd
xuastc_zstd_12x12.ktx2	14	512	7	48	aaefe36eb09ee51a3722e608836324c171c961ae7d17a9e362a06511101ed3bd
xuastc_zstd_12x12.ktx2	14	0	8	12	a56aee11cc499512b921974140a90495481df626a26fe91a6a912d91b5e26b8a
xuastc_zstd_12x12.ktx2	14	128	8	12	a56aee11cc499512b921974140a90495481df626a26fe91a6a912d91b5e26b8a
xuastc_zstd_12x12.ktx2	14	256	8	12	a56aee11cc499512b921974140a90495481df626a26fe91a6a912d91b5e26b8a
xuastc_zstd_12x12.ktx2	14	512	8	12	a56aee11cc499512b921974140a90495481df626a26fe91a6a912d91b5e26b8a
xuastc_zstd_12x12.ktx2	14	0	9	2	c64a8484fbea645b4edc70a63b92946cafe520ac8f35d834c32f8ace1dd267cb
xuastc_zstd_12x12.ktx2	14	128	9	2	c64a8484fbea645b4edc70a63b92946cafe520ac8f35d834c32f8ace1dd267cb
xuastc_zstd_12x12.ktx2	14	256	9	2	c64a8484fbea645b4edc70a63b92946cafe520ac8f35d834c32f8ace1dd267cb
xuastc_zstd_12x12.ktx2	14	512	9	2	c64a8484fbea645b4edc70a63b92946cafe520ac8f35d834c32f8ace1dd267cb
xuastc_zstd_12x12.ktx2	15	0	0	786432	7e8d04c81f57d7a74ec883629015329f2e3326ebc33c4ddd9fbffaa5514cb4c3
xuastc_zstd_12x12.ktx2	15	128	0	786432	bef3d6befd7a8f47f1cb806b1051ef734e3ba45cb7d1e0fb5a19b8a8b08d20dc
xuastc_zstd_12x12.ktx2	15	256	0	786432	7e8d04c81f57d7a74ec883629015329f2e3326ebc33c4ddd9fbffaa5514cb4c3
xuastc_zstd_12x12.ktx2	15	512	0	786432	7e8d04c81f57d7a74ec883629015329f2e3326ebc33c4ddd9fbffaa5514cb4c3
xuastc_zstd_12x12.ktx2	15	0	1	196608	151356c374882b9b217ca261daffb0eaacdb7cf0361418b6bacb0c2a42a5dd9c
xuastc_zstd_12x12.ktx2	15	128	1	196608	7bb9f4c0d5e521f6c84c9242c9c5a1d26ef007b3a7f58ceacc77829ed8d7295c
xuastc_zstd_12x12.ktx2	15	256	1	196608	151356c374882b9b217ca261daffb0eaacdb7cf0361418b6bacb0c2a42a5dd9c
xuastc_zstd_12x12.ktx2	15	512	1	196608	151356c374882b9b217ca261daffb0eaacdb7cf0361418b6bacb0c2a42a5dd9c
xuastc_zstd_12x12.ktx2	15	0	2	49152	7134a91d456d1886a9ebda321a3bf54e560e494eea585d4db700c98f8c535ed0
xuastc_zstd_12x12.ktx2	15	128	2	49152	7f7b0e75a14f184298ec4cf62df36c7e23f30d6bafca85ab2496d5e3478521c2
xuastc_zstd_12x12.ktx2	15	256	2	49152	7134a91d456d1886a9ebda321a3bf54e560e494eea585d4db700c98f8c535ed0
xuastc_zstd_12x12.ktx2	15	512	2	49152	7134a91d456d1886a9ebda321a3bf54e560e494eea585d4db700c98f8c535ed0
xuastc_zstd_12x12.ktx2	15	0	3	12288	2a8891e8911681a144f999d6c6bb03d7b5359975485152e0fc57b1c4800273f2
xuastc_zstd_12x12.ktx2	15	128	3	12288	61d48e9cde7444717bd315c8450bcf57fbe53c1d2fd364a00dbc9e21324f179c
xuastc_zstd_12x12.ktx2	15	256	3	12288	2a8891e8911681a144f999d6c6bb03d7b5359975485152e0fc57b1c4800273f2
xuastc_zstd_12x12.ktx2	15	512	3	12288	2a8891e8911681a144f999d6c6bb03d7b5359975485152e0fc57b1c4800273f2
xuastc_zstd_12x12.ktx2	15	0	4	3072	fa33ee1c8ed0a4a2887a25d7cd1294d70eca858b826381c95499b65fb79bc1b0
xuastc_zstd_12x12.ktx2	15	128	4	3072	5ca05dd492e8c893310016f6c96a3581c23daf28d03612762b29668d6b67e11b
xuastc_zstd_12x12.ktx2	15	256	4	3072	fa33ee1c8ed0a4a2887a25d7cd1294d70eca858b826381c95499b65fb79bc1b0
xuastc_zstd_12x12.ktx2	15	512	4	3072	fa33ee1c8ed0a4a2887a25d7cd1294d70eca858b826381c95499b65fb79bc1b0
xuastc_zstd_12x12.ktx2	15	0	5	768	f5965f3cea437789a0005b147242b5e7037e996cf264d39b8a1e229b3e5b6117
xuastc_zstd_12x12.ktx2	15	128	5	768	2fafd970d1fb2d4f03a59ab3ee55f557efb39d2b527da5761904b02857184789
xuastc_zstd_12x12.ktx2	15	256	5	768	f5965f3cea437789a0005b147242b5e7037e996cf264d39b8a1e229b3e5b6117
xuastc_zstd_12x12.ktx2	15	512	5	768	f5965f3cea437789a0005b147242b5e7037e996cf264d39b8a1e229b3e5b6117
xuastc_zstd_12x12.ktx2	15	0	6	192	06ee0d31e59453574aeeea0ff4772e3ca9f8ef68a2cf6d31d80ab0be22daed4e
xuastc_zstd_12x12.ktx2	15	128	6	192	06ee0d31e59453574aeeea0ff4772e3ca9f8ef68a2cf6d31d80ab0be22daed4e
xuastc_zstd_12x12.ktx2	15	256	6	192	06ee0d31e59453574aeeea0ff4772e3ca9f8ef68a2cf6d31d80ab0be22daed4e
xuastc_zstd_12x12.ktx2	15	512	6	192	06ee0d31e59453574aeeea0ff4772e3ca9f8ef68a2cf6d31d80ab0be22daed4e
xuastc_zstd_12x12.ktx2	15	0	7	48	bbb54044315336524e2827e41b19a73d517228d8f357c624a3fe9e14f181fe47
xuastc_zstd_12x12.ktx2	15	128	7	48	bbb54044315336524e2827e41b19a73d517228d8f357c624a3fe9e14f181fe47
xuastc_zstd_12x12.ktx2	15	256	7	48	bbb54044315336524e2827e41b19a73d517228d8f357c624a3fe9e14f181fe47
xuastc_zstd_12x12.ktx2	15	512	7	48	bbb54044315336524e2827e41b19a73d517228d8f357c624a3fe9e14f181fe47
xuastc_zstd_12x12.ktx2	15	0	8	12	2ab1eeeeaa13110c82308e1e87883713d311b12f94bbb14b642fb110a690a6ff
xuastc_zstd_12x12.ktx2	15	128	8	12	2ab1eeeeaa13110c82308e1e87883713d311b12f94bbb14b642fb110a690a6ff
xuastc_zstd_12x12.ktx2	15	256	8	12	2ab1eeeeaa13110c82308e1e87883713d311b12f94bbb14b642fb110a690a6ff
xuastc_zstd_12x12.ktx2	15	512	8	12	2ab1eeeeaa13110c82308e1e87883713d311b12f94bbb14b642fb110a690a6ff
xuastc_zstd_12x12.ktx2	15	0	9	2	77fd7a8a8df81b37378690ce146914db0a7462df32d4b1be68109da406a5b4c6
xuastc_zstd_12x12.ktx2	15	128	9	2	77fd7a8a8df81b37378690ce146914db0a7462df32d4b1be68109da406a5b4c6
xuastc_zstd_12x12.ktx2	15	256	9	2	77fd7a8a8df81b37378690ce146914db0a7462df32d4b1be68109da406a5b4c6
xuastc_zstd_12x12.ktx2	15	512	9	2	77fd7a8a8df81b37378690ce146914db0a7462df32d4b1be68109da406a5b4c6
xuastc_zstd_12x12.ktx2	16	0	0	786432	6e0fc66412d2f2735e225a15a1a81dce485927a1ca7e698d5e7738af2fe25a7c
xuastc_zstd_12x12.ktx2	16	128	0	786432	2b7081bee8a7af36c3508494bcff56d277ec5b1e1837c19d2262a8e0a9419f77
xuastc_zstd_12x12.ktx2	16	256	0	786432	6e0fc66412d2f2735e225a15a1a81dce485927a1ca7e698d5e7738af2fe25a7c
xuastc_zstd_12x12.ktx2	16	512	0	786432	6e0fc66412d2f2735e225a15a1a81dce485927a1ca7e698d5e7738af2fe25a7c
xuastc_zstd_12x12.ktx2	16	0	1	196608	81f90251ed37966561bf14aa825e326207299d4dd33af949ac63dd577d2f483a
xuastc_zstd_12x12.ktx2	16	128	1	196608	9831ca805517b755331cb4a3082fc8053dce330c705a848b695ec8035a369a6c
xuastc_zstd_12x12.ktx2	16	256	1	196608	81f90251ed37966561bf14aa825e326207299d4dd33af949ac63dd577d2f483a
xuastc_zstd_12x12.ktx2	16	512	1	196608	81f90251ed37966561bf14aa825e326207299d4dd33af949ac63dd577d2f483a
xuastc_zstd_12x12.ktx2	16	0	2	49152	fd339ec4e244c5fd6ff371784ef9b88034f6ace9867dba5d40adc716b2c1d8ac
xuastc_zstd_12x12.ktx2	16	128	2	49152	fdab366163e2157582f36041c9159c858537c539127a3da48baa6b583b3b0912
xuastc_zstd_12x12.ktx2	16	256	2	49152	fd339ec4e244c5fd6ff371784ef9b88034f6ace9867dba5d40adc716b2c1d8ac
xuastc_zstd_12x12.ktx2	16	512	2	49152	fd339ec4e244c5fd6ff371784ef9b88034f6ace9867dba5d40adc716b2c1d8ac
xuastc_zstd_12x12.ktx2	16	0	3	12288	67c2bbf90febb96189d2ea68cd7efbffaba4b4db7d3baa81732b0382747509d9
xuastc_zstd_12x12.ktx2	16	128	3	12288	c9f729a32cb6542174fe2c8c81937a22ae1230da70a2ace4c3b2f45dce958f2c
xuastc_zstd_12x12.ktx2	16	256	3	12288	67c2bbf90febb96189d2ea68cd7efbffaba4b4db7d3baa81732b0382747509d9
xuastc_zstd_12x12.ktx2	16	512	3	12288	67c2bbf90febb96189d2ea68cd7efbffaba4b4db7d3baa81732b0382747509d9
xuastc_zstd_12x12.ktx2	16	0	4	3072	a2fef1ee0378c248416b0272929a53d504c50b623fd2e65cc7e4c209b85330e5
xuastc_zstd_12x12.ktx2	16	128	4	3072	ed7701b7ddc6f5e107526ed670348cd15ce684c6d0c6f412d953259221f3f149
xuastc_zstd_12x12.ktx2	16	256	4	3072	a2fef1ee0378c248416b0272929a53d504c50b623fd2e65cc7e4c209b85330e5
xuastc_zstd_12x12.ktx2	16	512	4	3072	a2fef1ee0378c248416b0272929a53d504c50b623fd2e65cc7e4c209b85330e5
xuastc_zstd_12x12.ktx2	16	0	5	768	1f590808a0324c8a66dfbde769b0e1706ba2225ff860c291d2b6e1be99f415e0
xuastc_zstd_12x12.ktx2	16	128	5	768	01da2098b3e31e1509fcc741193f1179932d719cc726c404a5ad778014934bd4
xuastc_zstd_12x12.ktx2	16	256	5	768	1f590808a0324c8a66dfbde769b0e1706ba2225ff860c291d2b6e1be99f415e0
xuastc_zstd_12x12.ktx2	16	512	5	768	1f590808a0324c8a66dfbde769b0e1706ba2225ff860c291d2b6e1be99f415e0
xuastc_zstd_12x12.ktx2	16	0	6	192	6149c1d1bed3fd1e685275852ad9e356ebdff97c60e67d4866bf10d703ce6a42
xuastc_zstd_12x12.ktx2	16	128	6	192	6149c1d1bed3fd1e685275852ad9e356ebdff97c60e67d4866bf10d703ce6a42
xuastc_zstd_12x12.ktx2	16	256	6	192	6149c1d1bed3fd1e685275852ad9e356ebdff97c60e67d4866bf10d703ce6a42
xuastc_zstd_12x12.ktx2	16	512	6	192	6149c1d1bed3fd1e685275852ad9e356ebdff97c60e67d4866bf10d703ce6a42
xuastc_zstd_12x12.ktx2	16	0	7	48	a8198633a5a39d21dbb3ff40ba3bd1a6578216084dd827c8e66fbebbb9ae16e7
xuastc_zstd_12x12.ktx2	16	128	7	48	a8198633a5a39d21dbb3ff40ba3bd1a6578216084dd827c8e66fbebbb9ae16e7
xuastc_zstd_12x12.ktx2	16	256	7	48	a8198633a5a39d21dbb3ff40ba3bd1a6578216084dd827c8e66fbebbb9ae16e7
xuastc_zstd_12x12.ktx2	16	512	7	48	a8198633a5a39d21dbb3ff40ba3bd1a6578216084dd827c8e66fbebbb9ae16e7
xuastc_zstd_12x12.ktx2	16	0	8	12	9112a94ea9fe63d6561e45257ae45f9f97b0ef95313aa54719ff76b9d9a348af
xuastc_zstd_12x12.ktx2	16	128	8	12	9112a94ea9fe63d6561e45257ae45f9f97b0ef95313aa54719ff76b9d9a348af
xuastc_zstd_12x12.ktx2	16	256	8	12	9112a94ea9fe63d6561e45257ae45f9f97b0ef95313aa54719ff76b9d9a348af
xuastc_zstd_12x12.ktx2	16	512	8	12	9112a94ea9fe63d6561e45257ae45f9f97b0ef95313aa54719ff76b9d9a348af
xuastc_zstd_12x12.ktx2	16	0	9	2	51f60b055a5cce9281ce075d32128d5f499f5ed03c3a4b7aed36895b2d4989a6
xuastc_zstd_12x12.ktx2	16	128	9	2	51f60b055a5cce9281ce075d32128d5f499f5ed03c3a4b7aed36895b2d4989a6
xuastc_zstd_12x12.ktx2	16	256	9	2	51f60b055a5cce9281ce075d32128d5f499f5ed03c3a4b7aed36895b2d4989a6
xuastc_zstd_12x12.ktx2	16	512	9	2	51f60b055a5cce9281ce075d32128d5f499f5ed03c3a4b7aed36895b2d4989a6
xuastc_zstd_12x12.ktx2	20	0	8	8	225ddac19217bc0d4050613b164d5179b00eb8d6905dd2a4d3e1d3d9c7a4e63f
xuastc_zstd_12x12.ktx2	20	4	8	8	225ddac19217bc0d4050613b164d5179b00eb8d6905dd2a4d3e1d3d9c7a4e63f
xuastc_zstd_12x12.ktx2	20	32	8	8	a9383adb6d8620d9aee1ffca8c006b5ea1d5fec4a7c0b29295f3aee9fb02abaf
xuastc_zstd_12x12.ktx2	20	128	8	8	225ddac19217bc0d4050613b164d5179b00eb8d6905dd2a4d3e1d3d9c7a4e63f
xuastc_zstd_12x12.ktx2	20	512	8	8	225ddac19217bc0d4050613b164d5179b00eb8d6905dd2a4d3e1d3d9c7a4e63f
xuastc_zstd_12x12.ktx2	20	0	9	8	c9e350bb1ad7d7464601645bae57c57831fb9c5d0f55b6eae318dd22297a7ddd
xuastc_zstd_12x12.ktx2	20	4	9	8	c9e350bb1ad7d7464601645bae57c57831fb9c5d0f55b6eae318dd22297a7ddd
xuastc_zstd_12x12.ktx2	20	32	9	8	c9e350bb1ad7d7464601645bae57c57831fb9c5d0f55b6eae318dd22297a7ddd
xuastc_zstd_12x12.ktx2	20	128	9	8	c9e350bb1ad7d7464601645bae57c57831fb9c5d0f55b6eae318dd22297a7ddd
xuastc_zstd_12x12.ktx2	20	512	9	8	c9e350bb1ad7d7464601645bae57c57831fb9c5d0f55b6eae318dd22297a7ddd
xuastc_zstd_12x12.ktx2	21	0	8	16	629a83cd867fbb97e5575c59103619bae44a229488cae655d02ad2c03124d0d6
xuastc_zstd_12x12.ktx2	21	32	8	16	7b2e67126dbe8e65cf596545c0ad2974be4ab480034cd135ac795266e331dd73
xuastc_zstd_12x12.ktx2	21	128	8	16	629a83cd867fbb97e5575c59103619bae44a229488cae655d02ad2c03124d0d6
xuastc_zstd_12x12.ktx2	21	512	8	16	629a83cd867fbb97e5575c59103619bae44a229488cae655d02ad2c03124d0d6
xuastc_zstd_12x12.ktx2	21	0	9	16	ea1b3d824c9043b7d3c0d0464d6c2cac154d7baa60d226aa42fff7d78879d6b2
xuastc_zstd_12x12.ktx2	21	32	9	16	ea1b3d824c9043b7d3c0d0464d6c2cac154d7baa60d226aa42fff7d78879d6b2
xuastc_zstd_12x12.ktx2	21	128	9	16	ea1b3d824c9043b7d3c0d0464d6c2cac154d7baa60d226aa42fff7d78879d6b2
xuastc_zstd_12x12.ktx2	21	512	9	16	ea1b3d824c9043b7d3c0d0464d6c2cac154d7baa60d226aa42fff7d78879d6b2
xuastc_zstd_12x12.ktx2	40	0	0	44032	cd9e4da27aea4c15c2e339e5f12be755d90d3384d62670b2894f20dfdb2b436a
xuastc_zstd_12x12.ktx2	40	0	1	11264	a95073659c682273bbabb3424ffbf56374e07200cd9653fbdfbc5e34094e8d0f
xuastc_zstd_12x12.ktx2	40	0	2	2816	32c027dd1790ff2ea43d968a543452aa56d576ae55b41d3c56d97fa21e01047c
xuastc_zstd_12x12.ktx2	40	0	3	768	11e53c0ce995041daf9f4681ee4a649fba19b880e6221bf405fc42a2343f7e7f
xuastc_zstd_12x12.ktx2	40	0	4	192	3a8fdb08ffff43b3799381358a656b4a03bb5547988679c2a025c364b5658afa
xuastc_zstd_12x12.ktx2	40	0	5	64	b4cedef1aa0152033d9cba7fdcc035e73a33ff13147e76ebd980521e6e88e676
xuastc_zstd_12x12.ktx2	40	0	6	16	766c98769643e93a3feb2d73e0566de1f4703efa1192b4baf7deaeb0c8c723e3
xuastc_zstd_12x12.ktx2	40	0	7	16	18caf5b6b346f9f81509ba414f3eda9376f3b81110b636b1d29d8d18ec8abfcc
xuastc_zstd_12x12.ktx2	40	0	8	16	eede6a45595b3ae5c174fc5e2aadc7fa5bc29cb4271ab41924292a14f6c1e1cd
xuastc_zstd_12x12.ktx2	40	0	9	16	1486440cd07ec0e718fe5f3a6c6caa3dff138a97a1e1f2de971a3b508bdf3899
